# WaveFront *.obj file (generated by CINEMA 4D)

v -0.09799970686436 0.02179898694158 0.16060945391655
v -0.09615662693977 0.02168281562626 0.15464410185814
v -0.09275899082422 0.02177282609046 0.14680917561054
v -0.08759167045355 0.02216156572104 0.1393576413393
v -0.08081915229559 0.02286245673895 0.13303858041763
v -0.07264161109924 0.02387310564518 0.12811033427715
v -0.06329684704542 0.02519430592656 0.12479864060879
v -0.05305555090308 0.02682383731008 0.1232932806015
v -0.04221459850669 0.02875997684896 0.12374062091112
v -0.03109112009406 0.03100200556219 0.12624292075634
v -0.02001683041453 0.03354730829597 0.13085280358791
v -0.00932937022299 0.03639324754477 0.13757455348969
v 0.00063337001484 0.03953709825873 0.14636108279228
v 0.00954184029251 0.04297538474202 0.15711638331413
v 0.01708029024303 0.0467072352767 0.16969433426857
v 0.0229554604739 0.05072684586048 0.18390418589115
v 0.02690185979009 0.05503227561712 0.19951218366623
v 0.02868776023388 0.05961807817221 0.21624562144279
v 0.02812081947923 0.06448109447956 0.23379649221897
v 0.02505253069103 0.06961609423161 0.25183165073395
v 0.01938251964748 0.0750200971961 0.26999321579933
v 0.01105988956988 0.0806880146265 0.28790953755379
v 0.00008743999933 0.08661182969809 0.30520531535149
v -0.01347970031202 0.09278984367847 0.32149651646614
v -0.02953290939331 0.0992154031992 0.33641338348389
v -0.04791175946593 0.10588308423758 0.34959650039673
v -0.06840465962887 0.11278643459082 0.36070555448532
v -0.09075523167849 0.11991896480322 0.36943712830544
v -0.11466310173273 0.12727685272694 0.37551301717758
v -0.13978986442089 0.13485141098499 0.37870013713837
v -0.16576598584652 0.14263667166233 0.37880918383598
v -0.19219346344471 0.15062643587589 0.37570029497147
v -0.21865727007389 0.15881444513798 0.36928570270538
v -0.2447294741869 0.16719211637974 0.35953640937805
v -0.26997631788254 0.17575511336327 0.34647300839424
v -0.29396831989288 0.18449351191521 0.33018136024475
v -0.3162856400013 0.19340178370476 0.31079661846161
v -0.33652618527412 0.20247353613377 0.28851392865181
v -0.35431215167046 0.21169818937778 0.26357713341713
v -0.36929956078529 0.22107139229774 0.23628145456314
v -0.38117921352386 0.23058392107487 0.20696406066418
v -0.38968962430954 0.24023039638996 0.176004961133
v -0.3946133852005 0.25000140070915 0.14381246268749
v -0.39578783512115 0.25988951325417 0.11082491278648
v -0.3931055366993 0.26988825201988 0.07749973237514
v -0.38651660084724 0.27998808026314 0.04430839046836
v -0.37603107094765 0.29018104076386 0.01172417029738
v -0.36171734333038 0.30046600103378 -0.01977767981589
v -0.34370222687721 0.31082805991173 -0.04973519966006
v -0.32217153906822 0.32126349210739 -0.0777021497488
v -0.29736259579659 0.33176305890083 -0.10325828194618
v -0.26956656575203 0.34232094883919 -0.12601217627525
v -0.23911860585213 0.35292938351631 -0.1456116437912
v -0.20639610290527 0.36358138918877 -0.16174471378326
v -0.17181375622749 0.37426832318306 -0.1741506755352
v -0.1358138024807 0.38498666882515 -0.18261590600014
v -0.0988632068038 0.39572605490685 -0.18698567152023
v -0.0614432618022 0.40648254752159 -0.18715803325176
v -0.02404589951038 0.41724848747253 -0.18309304118156
v 0.01283609960228 0.42801702022552 -0.17480728030205
v 0.04871616140008 0.43878316879272 -0.1623777449131
v 0.08311919122934 0.4495395720005 -0.14593613147736
v 0.11558976024389 0.46028143167496 -0.12567086517811
v 0.14569802582264 0.47100248932838 -0.10182137042284
v 0.17304553091526 0.48169738054276 -0.07467599213123
v 0.19727109372616 0.49236142635345 -0.04456686973572
v 0.21805500984192 0.50298947095871 -0.01186409965158
v 0.23512314260006 0.51357585191727 0.02302699908614
v 0.24825003743172 0.52411735057831 0.05967500060797
v 0.2572620511055 0.53460866212845 0.09762524068356
v 0.26203891634941 0.54504626989365 0.13640937209129
v 0.26251402497292 0.55542546510696 0.17554870247841
v 0.2586764395237 0.56574422121048 0.21456249058247
v 0.25056758522987 0.57599860429764 0.2529728114605
v 0.23828338086605 0.58618503808975 0.29031428694725
v 0.22196862101555 0.59630197286606 0.32613295316696
v 0.20181815326214 0.60634595155716 0.35999810695648
v 0.17807021737099 0.61631608009338 0.39150401949883
v 0.15100625157356 0.62620949745178 0.42027524113655
v 0.12094399333 0.63602536916733 0.4459715783596
v 0.08823516964912 0.64576238393784 0.46828836202621
v 0.05326005071402 0.65541982650757 0.48696607351303
v 0.01642194017768 0.66499668359756 0.5017848610878
v -0.02185630053282 0.67449355125427 0.5125704407692
v -0.06113737076521 0.68390965461731 0.51919382810593
v -0.10097662359476 0.69324666261673 0.52157056331635
v -0.14092391729355 0.70250415802002 0.51967054605484
v -0.18053090572357 0.7116841673851 0.51350200176239
v -0.2193533629179 0.72078830003738 0.50312280654907
v -0.25695630908012 0.72981762886047 0.48863363265991
v -0.29292052984238 0.73877459764481 0.47017750144005
v -0.32684224843979 0.74766176939011 0.44793906807899
v -0.35834041237831 0.75648188591003 0.42214250564575
v -0.38705599308014 0.7652382850647 0.39304438233376
v -0.41265994310379 0.77393436431885 0.36093673110008
v -0.43485078215599 0.78257411718369 0.32614424824715
v -0.45336014032364 0.79116135835648 0.2890148460865
v -0.46795397996902 0.7997008562088 0.24992351233959
v -0.47843456268311 0.80819725990295 0.20926657319069
v -0.48464170098305 0.81665593385696 0.16745688021183
v -0.48645436763763 0.82508212327957 0.12492474168539
v -0.48379030823708 0.83348172903061 0.08210968226194
v -0.47661134600639 0.84186071157455 0.03946094959974
v -0.46491882205009 0.85022568702698 -0.00256838998757
v -0.44875746965408 0.85858327150345 -0.04352169856429
v -0.42821478843689 0.86694008111954 -0.08294603973627
v -0.40341973304749 0.87530416250229 -0.12039384990931
v -0.37454661726952 0.88368219137192 -0.15542498230934
v -0.3418108522892 0.89208257198334 -0.18761390447617
v -0.3054701089859 0.9005132317543 -0.21655072271824
v -0.26582354307175 0.90898239612579 -0.24184367060661
v -0.22321133315563 0.91749900579453 -0.26312893629074
v -0.17801186442375 0.92607128620148 -0.28006649017334
v -0.13064177334309 0.93470883369446 -0.29235279560089
v -0.08155190944672 0.94342035055161 -0.29971584677696
v -0.03122776933014 0.95221656560898 -0.30192637443542
v 0.01981692016125 0.96110564470291 -0.2987984418869
v 0.07104130834341 0.97009897232056 -0.2901938855648
v 0.12188223749399 0.97920548915863 -0.27602523565292
v 0.17175695300102 0.98843604326248 -0.25626057386398
v 0.22007037699223 0.99780064821243 -0.23092624545097
v 0.26621961593628 1.00731003284454 -0.20010887086391
v 0.30959868431091 1.016974568367 -0.163957670331
v 0.34960800409317 1.02680683135986 -0.1226906478405
v 0.38565561175346 1.03681528568268 -0.07658699154854
v 0.41717126965523 1.04701268672943 -0.02599593997002
v 0.46680089831352 1.07605731487274 0.01532392017543
v 0.69108527898788 1.24838924407959 -0.02966349944472
v -0.096167139709 0.02180303633213 0.15466977655888
v -0.09285219758749 0.02273674681783 0.14701856672764
v -0.08784285187721 0.02407522685826 0.13980132341385
v -0.08131098002195 0.0257100071758 0.13372926414013
v -0.07346580177546 0.02763511613011 0.12904000282288
v -0.06454937160015 0.02984722703695 0.12593775987625
v -0.05483162030578 0.03234531730413 0.12458825111389
v -0.0446044318378 0.03512128815055 0.12511487305164
v -0.03417553007603 0.03817351534963 0.12759633362293
v -0.02386146970093 0.04149534553289 0.13206315040588
v -0.01398119982332 0.04508550465107 0.13849936425686
v -0.00484891002998 0.04893674701452 0.14684312045574
v 0.00323248002678 0.05304451659322 0.15698309242725
v 0.0099777104333 0.05740221589804 0.16876724362373
v 0.01512562017888 0.06200559809804 0.18200035393238
v 0.01844426989555 0.06684919446707 0.19645044207573
v 0.01973645016551 0.07192655652761 0.21185277402401
v 0.01884360983968 0.07723011821508 0.2279147207737
v 0.01564989052713 0.08275796473026 0.24432139098644
v 0.01008442975581 0.08850082010031 0.26074314117432
v 0.00212332000956 0.09445204585791 0.27683889865875
v -0.00820938963443 0.10060502588749 0.29226720333099
v -0.02084046043456 0.10695417970419 0.30668839812279
v -0.03565160185099 0.11349316686392 0.31977331638336
v -0.05247747898102 0.1202123388648 0.3312121629715
v -0.07111006230116 0.12710878252983 0.3407147526741
v -0.0913028717041 0.1341707855463 0.3480232656002
v -0.11277464032173 0.14139546453953 0.35290968418121
v -0.13521203398705 0.14877173304558 0.35518783330917
v -0.158278003335 0.15629467368126 0.35471147298813
v -0.18161745369434 0.1639595925808 0.35137987136841
v -0.20486064255238 0.17175330221653 0.34514153003693
v -0.22763207554817 0.17967166006565 0.33599326014519
v -0.24955700337887 0.18770781159401 0.32397818565369
v -0.27026653289795 0.1958546936512 0.30919206142426
v -0.28940510749817 0.2041028290987 0.2917765378952
v -0.30663681030273 0.21244658529758 0.27191859483719
v -0.3216490149498 0.22087945044041 0.24984967708588
v -0.33416199684143 0.22939248383045 0.22583791613579
v -0.34392881393433 0.23797871172428 0.20018902420998
v -0.35074329376221 0.24663253128529 0.17323644459248
v -0.35444134473801 0.25534680485725 0.14534009993076
v -0.35490524768829 0.26411393284798 0.11687757074833
v -0.35206416249275 0.27292707562447 0.08824022859335
v -0.34589540958405 0.2817796766758 0.05982667952776
v -0.33642843365669 0.29066637158394 0.03203647956252
v -0.32373756170273 0.29957839846611 0.00526195019484
v -0.30794760584831 0.3085128068924 -0.02011371962726
v -0.28922775387764 0.31746134161949 -0.04372569918633
v -0.26779010891914 0.32641696929932 -0.06523212790489
v -0.24388800561428 0.33537709712982 -0.084317907691
v -0.21780866384506 0.3443351984024 -0.10070092976093
v -0.18987244367599 0.35328432917595 -0.11413490772247
v -0.16042593121529 0.3622217476368 -0.1244131103158
v -0.12983775138855 0.37113976478577 -0.13137169182301
v -0.09849201142788 0.38003614544868 -0.13489021360874
v -0.06678505241871 0.38890495896339 -0.13489404320717
v -0.03511836007237 0.39774262905121 -0.13135603070259
v -0.0038927400019 0.40654462575912 -0.12429408729076
v 0.02649608999491 0.41530868411064 -0.11377208679914
v 0.05566326901317 0.42402964830399 -0.09989877790213
v 0.08323915302753 0.43270519375801 -0.08282618224621
v 0.10887409746647 0.44133180379868 -0.06274400651455
v 0.13224448263645 0.44990658760071 -0.03988137096167
v 0.15305258333683 0.45842835307121 -0.01450060959905
v 0.17103384435177 0.46689388155937 0.01310568954796
v 0.18595710396767 0.47530230879784 0.0426188185811
v 0.19762860238552 0.48365086317062 0.07369732111692
v 0.20589220523834 0.49193972349167 0.10598202049732
v 0.21063280105591 0.50016766786575 0.13910016417503
v 0.21177433431149 0.50833338499069 0.17267036437988
v 0.20928259193897 0.51643753051758 0.20630547404289
v 0.20316408574581 0.52447932958603 0.23961940407753
v 0.19346517324448 0.53245943784714 0.27222955226898
v 0.18027122318745 0.54037910699844 0.30375903844833
v 0.16370432078838 0.54823869466782 0.33384212851524
v 0.14392584562302 0.55603939294815 0.3621329665184
v 0.12112797051668 0.5637834072113 0.38829797506332
v 0.09553713351488 0.57147252559662 0.41202807426453
v 0.06740804761648 0.57910943031311 0.43303722143173
v 0.03702379018068 0.5866961479187 0.45106571912766
v 0.00469047017395 0.59423553943634 0.46588191390038
v -0.0292634498328 0.60173183679581 0.47728541493416
v -0.06449008733034 0.60918742418289 0.48510813713074
v -0.10062661021948 0.61660706996918 0.48921260237694
v -0.13729773461819 0.62399476766586 0.48950499296188
v -0.17411655187607 0.6313551068306 0.4859145283699
v -0.21069024503231 0.63869285583496 0.47841587662697
v -0.24662359058857 0.64601349830627 0.46701738238335
v -0.28151747584343 0.65332174301147 0.45176702737808
v -0.31497731804848 0.66062420606613 0.43274819850922
v -0.34661424160004 0.66792637109756 0.41008538007736
v -0.37604767084122 0.6752347946167 0.38393723964691
v -0.40290865302086 0.68255615234375 0.35450094938278
v -0.42684382200241 0.68989741802216 0.32201224565506
v -0.44751772284508 0.69726532697678 0.28674045205116
v -0.46461895108223 0.70466774702072 0.24899144470692
v -0.47785958647728 0.71211236715317 0.20910510420799
v -0.48698177933693 0.71960687637329 0.16745184361935
v -0.49175831675529 0.72715944051743 0.12443368136883
v -0.49200192093849 0.73477870225906 0.08048103749752
v -0.48755767941475 0.74247288703918 0.03604727983475
v -0.4783196747303 0.75025117397308 -0.00838935002685
v -0.46422457695007 0.75812238454819 -0.0523327216506
v -0.44525799155235 0.76609587669373 -0.09527189284563
v -0.42145678400993 0.77418112754822 -0.13668577373028
v -0.39291173219681 0.78238743543625 -0.17604674398899
v -0.35976812243462 0.79072487354279 -0.21282702684402
v -0.32223024964333 0.79920303821564 -0.24650385975838
v -0.28055876493454 0.80783200263977 -0.27656522393227
v -0.23507353663445 0.81662195920944 -0.30251628160477
v -0.18615232408047 0.82558357715607 -0.32388541102409
v -0.13423031568527 0.8347265124321 -0.34023484587669
v -0.07979855686426 0.84406173229218 -0.35116052627563
v -0.02339969016612 0.85359996557236 -0.35630476474762
v 0.03437336906791 0.86335110664368 -0.35535991191864
v 0.09288281202316 0.87332653999329 -0.34807819128036
v 0.15145167708397 0.88353687524796 -0.33427467942238
v 0.20936891436577 0.89399296045303 -0.31383568048477
v 0.26589775085449 0.90470486879349 -0.28672203421593
v 0.32028210163116 0.91568398475647 -0.25297650694847
v 0.37175717949867 0.92694133520126 -0.21272692084312
v 0.4195559322834 0.93848723173141 -0.16618618369102
v 0.46292096376419 0.95033228397369 -0.11365883052349
v 0.50111716985703 0.96248763799667 -0.05553944036365
v 0.54660499095917 1.00196015834808 -0.00463883997872
v -0.09619434177876 0.02190383709967 0.15473653376102
v -0.09308765828609 0.02353932708502 0.14754951000214
v -0.0884328186512 0.02564855664968 0.14085009694099
v -0.0823941975832 0.02801652625203 0.13525561988354
v -0.07517804205418 0.03063483722508 0.13097721338272
v -0.06701905280352 0.03349908813834 0.12818947434425
v -0.05817405134439 0.03660364821553 0.12703214585781
v -0.04891692847013 0.03994144499302 0.12760104238987
v -0.0395321585238 0.04350825771689 0.12995274364948
v -0.03030912019312 0.04729552567005 0.13409920036793
v -0.02153564989567 0.051299598068 0.14000882208347
v -0.0134914200753 0.05551161617041 0.14760962128639
v -0.00644285976887 0.05992617458105 0.15678732097149
v -0.00063746998785 0.06453664600849 0.16738927364349
v 0.00370229990222 0.06933667510748 0.17923024296761
v 0.00638236990198 0.07431866973639 0.19209167361259
v 0.0072407098487 0.07947643846273 0.2057294100523
v 0.0061536100693 0.0848011597991 0.21987852454185
v 0.00303374999203 0.09028740972281 0.23425616323948
v -0.00216366001405 0.0959285646677 0.24856974184513
v -0.0094436602667 0.10171504318714 0.2625230550766
v -0.01876815967262 0.10764320939779 0.27581739425659
v -0.03005841933191 0.11370255798101 0.28816348314285
v -0.04319605976343 0.11988796293736 0.29928314685822
v -0.05802452936769 0.12619230151176 0.30891653895378
v -0.07435318082571 0.13260878622532 0.31682321429253
v -0.09195867180824 0.1391290128231 0.32279443740845
v -0.11059051007032 0.14574517309666 0.32664999365807
v -0.12997634708881 0.152454033494 0.32824236154556
v -0.14982183277607 0.15924473106861 0.32746013998985
v -0.16982452571392 0.16611136496067 0.32423639297485
v -0.18967047333717 0.17304970324039 0.31853780150414
v -0.20904347300529 0.18005104362965 0.31037804484367
v -0.22763055562973 0.18710926175117 0.29980629682541
v -0.24512666463852 0.1942168623209 0.28691425919533
v -0.26124009490013 0.20136858522892 0.27183246612549
v -0.27569627761841 0.20855942368507 0.25472661852837
v -0.28824311494827 0.21578182280064 0.23579603433609
v -0.29865497350693 0.22303016483784 0.21527191996574
v -0.30673563480377 0.23029984533787 0.19341096282005
v -0.31232237815857 0.23758353292942 0.17049260437489
v -0.31528595089912 0.24487860500813 0.14681594073772
v -0.31553581357002 0.25217637419701 0.1226928383112
v -0.31301918625832 0.25947597622871 0.09844402968884
v -0.30772233009338 0.26676967740059 0.07439600676298
v -0.29966980218887 0.27405461668968 0.05087381973863
v -0.2889244556427 0.28132429718971 0.02819691970944
v -0.27558618783951 0.28857916593552 0.00667718984187
v -0.2597923874855 0.29580992460251 -0.01338898018003
v -0.24171048402786 0.30301687121391 -0.03172231838107
v -0.22154170274734 0.31019547581673 -0.04806482046843
v -0.19951437413692 0.31734392046928 -0.06218247115612
v -0.17588092386723 0.32445749640465 -0.07387098670006
v -0.15091617405415 0.33153465390205 -0.08295332640409
v -0.12491182237864 0.33857446908951 -0.08928546309471
v -0.09817396104336 0.34557336568832 -0.09275586158037
v -0.07101886719465 0.35253065824509 -0.0932884067297
v -0.04376950114965 0.35944423079491 -0.09084145724773
v -0.01675035990775 0.36631420254707 -0.08540806174278
v 0.0097151696682 0.37313839793205 -0.07701603323221
v 0.03530799970031 0.37991777062416 -0.06572791188955
v 0.05971793085337 0.3866520524025 -0.05163921043277
v 0.08264560997486 0.39334073662758 -0.03487768024206
v 0.10380733758211 0.39998424053192 -0.0156005397439
v 0.12293601036072 0.40658456087112 0.00600564992055
v 0.13978481292725 0.41314175724983 0.0297279600054
v 0.15412910282612 0.41965782642364 0.05532896146178
v 0.16576899588108 0.42613410949707 0.08254989981651
v 0.17452989518642 0.43257305026054 0.11111138015985
v 0.18026624619961 0.43897697329521 0.14071822166443
v 0.18286128342152 0.44534865021706 0.17106015980244
v 0.18222683668137 0.45169058442116 0.20181472599506
v 0.17830887436867 0.45800721645355 0.23265187442303
v 0.17108297348022 0.46430125832558 0.26323422789574
v 0.160559207201 0.47057694196701 0.29322192072868
v 0.14677782356739 0.47683838009834 0.32227125763893
v 0.12981568276882 0.48309001326561 0.35004809498787
v 0.10977920889854 0.48933756351471 0.37621283531189
v 0.0868100002408 0.49558499455452 0.40044236183166
v 0.06108130142093 0.50183862447739 0.42242011427879
v 0.03279887139797 0.50810301303864 0.44184440374374
v 0.00219864002429 0.51438480615616 0.45842909812927
v -0.0304510705173 0.52069073915482 0.47190809249878
v -0.06485419720411 0.52702701091766 0.48203971982002
v -0.10068742185831 0.53340011835098 0.48860263824463
v -0.13760094344616 0.53981733322144 0.49141189455986
v -0.17522026598454 0.5462851524353 0.49030750989914
v -0.21315099298954 0.55281275510788 0.48516279459
v -0.25097766518593 0.559406042099 0.47589489817619
v -0.28827181458473 0.56607383489609 0.46245834231377
v -0.32458984851837 0.57282429933548 0.44484508037567
v -0.35948204994202 0.5796662569046 0.4230974316597
v -0.39249256253242 0.58660709857941 0.39730340242386
v -0.42316660284996 0.59365576505661 0.36759769916534
v -0.45105317234993 0.60082215070724 0.33416420221329
v -0.4757139980793 0.60811442136765 0.29724010825157
v -0.49672383069992 0.61554223299026 0.25711026787758
v -0.51368033885956 0.62311482429504 0.214110866189
v -0.52620851993561 0.63084137439728 0.16862952709198
v -0.53396564722061 0.63873225450516 0.12109850347042
v -0.53665190935135 0.64679676294327 0.07199818640947
v -0.53400725126266 0.65504455566406 0.02184990979731
v -0.52582627534866 0.66348606348038 -0.02878577075899
v -0.51195937395096 0.67213076353073 -0.07931453734636
v -0.49232116341591 0.68098896741867 -0.12911200523376
v -0.46688824892044 0.69007062911987 -0.17753477394581
v -0.43571400642395 0.69938617944717 -0.22392070293427
v -0.39892023801804 0.70894557237625 -0.26760113239288
v -0.35670921206474 0.71875905990601 -0.30790913105011
v -0.30936107039452 0.72883701324463 -0.34418416023254
v -0.25723499059677 0.73918896913528 -0.37578788399696
v -0.20077036321163 0.74982595443726 -0.40210625529289
v -0.1404817700386 0.76075744628906 -0.42256453633308
v -0.07696106284857 0.77199399471283 -0.4366369843483
v -0.01086995005608 0.78354531526566 -0.44385108351707
v 0.05706365033984 0.79542118310928 -0.44380787014961
v 0.12605361640453 0.80763167142868 -0.43617668747902
v 0.19526034593582 0.82018667459488 -0.42071574926376
v 0.26380249857903 0.83309561014175 -0.39727318286896
v 0.33076840639114 0.84636813402176 -0.36579889059067
v 0.39522016048431 0.86001318693161 -0.32634192705154
v 0.45621347427368 0.87404000759125 -0.27906355261803
v 0.51280808448792 0.88845837116241 -0.22423921525478
v 0.5640761256218 0.90327662229538 -0.16225345432758
v 0.60912263393402 0.91850346326828 -0.09360630065203
v 0.64781826734543 0.96500527858734 -0.02997989952564
v -0.09623426944017 0.02197011560202 0.1548338830471
v -0.09342882037163 0.02405788563192 0.14832018315792
v -0.08927191048861 0.02664228715003 0.14234286546707
v -0.08390381932259 0.0294296965003 0.13738550245762
v -0.07751771807671 0.03241469711065 0.13362683355808
v -0.07033032923937 0.03559114784002 0.13121162354946
v -0.06257411837578 0.03895105794072 0.13025246560574
v -0.05449512973428 0.04248704761267 0.13082039356232
v -0.04634533077478 0.04619355499744 0.1329540014267
v -0.03837784007192 0.05006273463368 0.13665157556534
v -0.03084212914109 0.05408765748143 0.14187273383141
v -0.02397819980979 0.05826135724783 0.14854416251183
v -0.0180115904659 0.06257720291615 0.15655644237995
v -0.01314898021519 0.0670275837183 0.16577047109604
v -0.00957536976784 0.07160540670156 0.17601658403873
v -0.00744831981137 0.07630552351475 0.18709935247898
v -0.00689668999985 0.08111770451069 0.1988080739975
v -0.00801762007177 0.08603866398335 0.21091158688068
v -0.01087469980121 0.09105886518955 0.22316733002663
v -0.0154971703887 0.09617181867361 0.23532822728157
v -0.0218794606626 0.10137261450291 0.24714159965515
v -0.02998190000653 0.1066537052393 0.25836023688316
v -0.03972981870174 0.11200650781393 0.26874366402626
v -0.05101757869124 0.11742975562811 0.27806168794632
v -0.06370913237333 0.12291141599417 0.28610125184059
v -0.07763946056366 0.12844564020634 0.29267087578774
v -0.09262143820524 0.13403794169426 0.29759383201599
v -0.10844343155622 0.13966538012028 0.30073082447052
v -0.12487805634737 0.14533258974552 0.30196419358253
v -0.14168435335159 0.15103276073933 0.30120432376862
v -0.15861020982265 0.1567584425211 0.29839926958084
v -0.17539927363396 0.16250625252724 0.29352417588234
v -0.19179241359234 0.16827066242695 0.28658977150917
v -0.20753456652164 0.17404647171497 0.27763685584068
v -0.2223757058382 0.17982955276966 0.26674029231071
v -0.23607760667801 0.18561664223671 0.25400191545486
v -0.24841484427452 0.1914024502039 0.23955488204956
v -0.25917959213257 0.19718398153782 0.22355709969997
v -0.26818391680717 0.20295549929142 0.20619179308414
v -0.27526235580444 0.20871509611607 0.18766239285469
v -0.28027504682541 0.21446265280247 0.16819110512733
v -0.28310704231262 0.22018982470036 0.14801578223705
v -0.28367325663567 0.22589702904224 0.12738548219204
v -0.28191635012627 0.23158217966557 0.1065580919385
v -0.27780842781067 0.23724175989628 0.08579737693071
v -0.27135136723518 0.24287642538548 0.06536840647459
v -0.2625772356987 0.24848265945911 0.04553544148803
v -0.25154605507851 0.25405904650688 0.02655844017863
v -0.23834654688835 0.25960722565651 0.00868916045874
v -0.22309425473213 0.26512238383293 -0.0078304996714
v -0.20593054592609 0.27060905098915 -0.02277166955173
v -0.18702045083046 0.2760646045208 -0.03592114895582
v -0.16655150055885 0.28148838877678 -0.0470836982131
v -0.14473150670528 0.28688362240791 -0.05608281120658
v -0.12178616970778 0.29224529862404 -0.06276497989893
v -0.09795737266541 0.29758632183075 -0.06699775159359
v -0.07350043952465 0.30289748311043 -0.06867557018995
v -0.04868245869875 0.30818402767181 -0.06771773099899
v -0.02377891913056 0.31344854831696 -0.06406980007887
v 0.00092800002312 0.31869232654572 -0.05770513042808
v 0.02515251003206 0.32392019033432 -0.04862482100725
v 0.04860682040453 0.32913333177567 -0.03685840964317
v 0.07100471109152 0.33433595299721 -0.02246459946036
v 0.09206338971853 0.33953163027763 -0.00552979018539
v 0.11150632053614 0.34472307562828 0.01383007038385
v 0.12906563282013 0.34991592168808 0.03547127172351
v 0.14448511600494 0.3551139831543 0.0592228397727
v 0.15752154588699 0.36032176017761 0.08488500118256
v 0.16794975101948 0.36554566025734 0.11223325133324
v 0.17556281387806 0.37078925967216 0.14101739227772
v 0.18017582595348 0.37605997920036 0.17096261680126
v 0.18162739276886 0.38136228919029 0.20177203416824
v 0.17978559434414 0.3867022395134 0.23313030600548
v 0.17454536259174 0.39208671450615 0.26469886302948
v 0.16583496332169 0.39752238988876 0.29612812399864
v 0.15361614525318 0.40301555395126 0.32704925537109
v 0.13788813352585 0.40857410430908 0.35708847641945
v 0.11868748813868 0.41420432925224 0.38586112856865
v 0.0960908383131 0.41991454362869 0.41297861933708
v 0.07021746784449 0.4257116317749 0.43805569410324
v 0.04122807085514 0.43160489201546 0.46070861816406
v 0.00932647008449 0.43760132789612 0.48056226968765
v -0.02523797936738 0.44370877742767 0.49725925922394
v -0.06217494979501 0.44993677735329 0.51045346260071
v -0.10114943236113 0.45629289746284 0.51983225345612
v -0.14178757369518 0.46278643608093 0.52510213851929
v -0.18367454409599 0.46942704916 0.5260084271431
v -0.22635932266712 0.47622162103653 0.5223376750946
v -0.26935702562332 0.48318138718605 0.51391559839249
v -0.3121565580368 0.49031433463097 0.5006211400032
v -0.35421746969223 0.49762964248657 0.48238718509674
v -0.39498457312584 0.50513786077499 0.45919823646545
v -0.43388798832893 0.51284694671631 0.43110927939415
v -0.47034981846809 0.52076780796051 0.39823326468468
v -0.50379449129105 0.52890908718109 0.36075139045715
v -0.53365540504456 0.53728038072586 0.31891620159149
v -0.55938029289246 0.54589211940765 0.27304381132126
v -0.5804431438446 0.55475354194641 0.22352440655231
v -0.59635090827942 0.56387376785278 0.1708117723465
v -0.60665184259415 0.57326263189316 0.11542741209269
v -0.61094456911087 0.58293032646179 0.05795393139124
v -0.60888814926147 0.5928863286972 -0.00096989999292
v -0.60020583868027 0.60313963890076 -0.06065249815583
v -0.5846956372261 0.61369973421097 -0.12035854905844
v -0.56223887205124 0.62457627058029 -0.17931509017944
v -0.53279995918274 0.63577824831009 -0.23672111332417
v -0.49643656611443 0.64731460809708 -0.29175779223442
v -0.45330667495728 0.65919536352158 -0.34359860420227
v -0.40365791320801 0.67142874002457 -0.39141783118248
v -0.34784573316574 0.68402343988419 -0.43440866470337
v -0.28632307052612 0.69698828458786 -0.47178968787193
v -0.21964018046856 0.71033197641373 -0.50281924009323
v -0.14844396710396 0.72406286001205 -0.52680772542953
v -0.07347232103348 0.73818868398666 -0.54313069581985
v 0.00445288000628 0.75271779298782 -0.5512403845787
v 0.08443404734135 0.76765751838684 -0.55067676305771
v 0.16550230979919 0.78301554918289 -0.54107773303986
v 0.24663861095905 0.79879909753799 -0.52218973636627
v 0.32677131891251 0.8150150179863 -0.49387285113335
v 0.40480640530586 0.83167064189911 -0.45611783862114
v 0.47962564229965 0.8487720489502 -0.40903380513191
v 0.55011421442032 0.86632531881332 -0.35287195444107
v 0.61516916751862 0.88433688879013 -0.28801247477531
v 0.67372465133667 0.90281224250793 -0.21497425436974
v 0.72474390268326 0.9217563867569 -0.13440175354481
v 0.75503098964691 0.97081965208054 -0.0568424500525
v -0.09628055244684 0.02198990620673 0.15494731068611
v -0.09382426738739 0.02421363629401 0.14921483397484
v -0.0902324616909 0.02690221555531 0.14405260980129
v -0.08560989797115 0.02973528578877 0.13979433476925
v -0.08012866973877 0.03270443528891 0.13658604025841
v -0.07397834956646 0.03580518811941 0.13454447686672
v -0.06736189872026 0.03902949765325 0.13375845551491
v -0.06049006059766 0.04237009584904 0.13428348302841
v -0.05357787013054 0.04582096636295 0.13614322245121
v -0.04683955013752 0.04937418550253 0.13933086395264
v -0.0404844507575 0.05302591621876 0.14380724728107
v -0.03471279144287 0.05676563829184 0.14950524270535
v -0.0297119691968 0.06059129536152 0.15632827579975
v -0.0256521794945 0.06449313461781 0.16415669023991
v -0.02268590033054 0.06846626847982 0.17284615337849
v -0.02094132080674 0.07250459492207 0.18223431706429
v -0.02052389085293 0.07660283893347 0.19214262068272
v -0.02151199989021 0.08075447380543 0.2023790627718
v -0.02395801991224 0.08495320379734 0.21274487674236
v -0.02788580022752 0.08919550478458 0.22303281724453
v -0.03329133987427 0.09347518533468 0.2330374121666
v -0.0401429310441 0.09778805822134 0.24255411326885
v -0.04838225990534 0.10212739557028 0.25138503313065
v -0.057925760746 0.10648937523365 0.25933960080147
v -0.06866475939751 0.11086894571781 0.26624268293381
v -0.08047007769346 0.11526520550251 0.27192914485931
v -0.09319090098143 0.11967243999243 0.2762565612793
v -0.10665965825319 0.12408055365086 0.2791006565094
v -0.12069580703974 0.12849767506123 0.28035497665405
v -0.13510397076607 0.13291127979755 0.27994191646576
v -0.14968149363995 0.13732363283634 0.27780365943909
v -0.16421948373318 0.14172841608524 0.27390879392624
v -0.17850594222546 0.14612467586994 0.26824960112572
v -0.19232845306396 0.1505111604929 0.26084518432617
v -0.20547737181187 0.15488502383232 0.25173929333687
v -0.21774891018867 0.15924502909184 0.2409982830286
v -0.22894576191902 0.16358675062656 0.22871327400208
v -0.23888348042965 0.16791428625584 0.21499562263489
v -0.24738784134388 0.17222256958485 0.19998013973236
v -0.25430124998093 0.1765138655901 0.1838186532259
v -0.25948134064674 0.18078473210335 0.16668263077736
v -0.26280489563942 0.18503834307194 0.14875626564026
v -0.26416873931885 0.18927432596684 0.13024042546749
v -0.26348996162415 0.19349250197411 0.11134622991085
v -0.26070740818977 0.19769443571568 0.09229470044374
v -0.25578472018242 0.20188124477863 0.07331422716379
v -0.24870729446411 0.20605213940144 0.05463844910264
v -0.23948596417904 0.21021308004856 0.03650338947773
v -0.22815555334091 0.21436353027821 0.01914769038558
v -0.21477556228638 0.21850629150867 0.00280576990917
v -0.19943043589592 0.22264488041401 -0.01229008007795
v -0.18222902715206 0.22678144276142 -0.02591452002525
v -0.16330479085445 0.23091866075993 -0.03785056993365
v -0.14281398057938 0.23506172001362 -0.04789208993316
v -0.1209369301796 0.23921377956867 -0.05584653094411
v -0.09787505865097 0.24337889254093 -0.06153605133295
v -0.07385157048702 0.24756063520908 -0.06480226665735
v -0.04910923168063 0.25176545977592 -0.06550523638725
v -0.02390871010721 0.25599721074104 -0.06352827697992
v 0.00147249002475 0.26026102900505 -0.05877919867635
v 0.02674276940525 0.26456281542778 -0.05119295045733
v 0.05159763991833 0.26890715956688 -0.04073360934854
v 0.07572376728058 0.27330085635185 -0.02739435061812
v 0.09880039095879 0.27775129675865 -0.01120258960873
v 0.12050338089466 0.28226158022881 0.00778170023113
v 0.14050801098347 0.28684189915657 0.02946214936674
v 0.15849263966084 0.29149547219276 0.05370711907744
v 0.17414218187332 0.29623571038246 0.08034679293633
v 0.18715347349644 0.30106273293495 0.10917616635561
v 0.1972381323576 0.30598697066307 0.13995152711868
v 0.20412728190422 0.31101527810097 0.1723934262991
v 0.20757654309273 0.31615719199181 0.20618653297424
v 0.20737025141716 0.3214185833931 0.24098259210587
v 0.2033244073391 0.32680928707123 0.27640098333359
v 0.19529539346695 0.33233714103699 0.31203386187553
v 0.18317793309689 0.33800885081291 0.34744644165039
v 0.16691386699677 0.34383478760719 0.38218265771866
v 0.14649629592896 0.34982264041901 0.41577118635178
v 0.12196712940931 0.35598182678223 0.44772782921791
v 0.09342537075281 0.36232116818428 0.47756117582321
v 0.06102776899934 0.36884841322899 0.50478398799896
v 0.02498833090067 0.3755732178688 0.52891230583191
v -0.01441834960133 0.38250550627708 0.54947459697723
v -0.05685950815678 0.38965302705765 0.56602585315704
v -0.10194306820631 0.39702531695366 0.57814294099808
v -0.14922036230564 0.4046311378479 0.58544439077377
v -0.19819091260433 0.41247960925102 0.5875860452652
v -0.24830408394337 0.4205806851387 0.58427852392197
v -0.2989639043808 0.4289428293705 0.57529079914093
v -0.34953483939171 0.43757605552673 0.56044846773148
v -0.39934954047203 0.44648748636246 0.53965812921524
v -0.44771763682365 0.45568773150444 0.51289230585098
v -0.49393159151077 0.46518492698669 0.48020750284195
v -0.53727620840073 0.47498852014542 0.4417437016964
v -0.57703787088394 0.48510658740997 0.39772552251816
v -0.61252176761627 0.49554836750031 0.34846696257591
v -0.64305239915848 0.50632137060165 0.29436776041985
v -0.6679824590683 0.51743578910828 0.23590916395187
v -0.68673008680344 0.52889889478683 0.17366583645344
v -0.6987424492836 0.54071933031082 0.10828322172165
v -0.70356953144073 0.55290371179581 0.04048636183143
v -0.70080238580704 0.56546056270599 -0.02893798053265
v -0.69013583660126 0.57839912176132 -0.09913793206215
v -0.67136073112488 0.59172493219376 -0.16921699047089
v -0.64436781406403 0.60544544458389 -0.23823857307434
v -0.60915541648865 0.61956852674484 -0.30523604154587
v -0.5658386349678 0.63410043716431 -0.36923196911812
v -0.51464658975601 0.64904773235321 -0.42924806475639
v -0.45592913031578 0.66441655158997 -0.48431757092476
v -0.39015465974808 0.68021404743195 -0.53350216150284
v -0.31790807843208 0.6964448094368 -0.57590454816818
v -0.23988917469978 0.713114798069 -0.61069118976593
v -0.15690490603447 0.73022896051407 -0.63709253072739
v -0.06986272335052 0.74779266119003 -0.65442991256714
v 0.02023679949343 0.76581037044525 -0.66212195158005
v 0.11231607198715 0.78428655862808 -0.6596976518631
v 0.20522545278072 0.80322539806366 -0.64681166410446
v 0.29776373505592 0.82263016700745 -0.62324672937393
v 0.38868594169617 0.84250426292419 -0.58892458677292
v 0.47673952579498 0.86285048723221 -0.54392790794373
v 0.56064784526825 0.8836721777916 -0.48846372961998
v 0.63916033506393 0.9049716591835 -0.4229129254818
v 0.71105414628983 0.92675024271011 -0.34779605269432
v 0.77516114711761 0.9490093588829 -0.26379004120827
v 0.83037894964218 0.97175121307373 -0.17171424627304
v 0.85191977024078 1.01851856708527 -0.08113455027342
v -0.09632630646229 0.02196301706135 0.15505847334862
v -0.09421353042126 0.02398415654898 0.15009522438049
v -0.0911682471633 0.02639146707952 0.1457200050354
v -0.08725287765265 0.02888562716544 0.1421155333519
v -0.08261308819056 0.03146066516638 0.13940353691578
v -0.07740843296051 0.03410919755697 0.137679874897
v -0.07180839031935 0.03682835772634 0.13701716065407
v -0.06598906964064 0.0396089181304 0.13746130466461
v -0.0601285584271 0.04244770482183 0.13903400301933
v -0.05440576002002 0.04533793777227 0.14172947406769
v -0.04899435117841 0.04827584698796 0.14551694691181
v -0.04406094178557 0.05125452578068 0.15034507215023
v -0.03976301848888 0.05427070707083 0.15613523125648
v -0.03624400869012 0.05731912702322 0.16279312968254
v -0.03363325819373 0.06039603799582 0.1702039539814
v -0.03204283118248 0.06349589675665 0.17823633551598
v -0.0315658301115 0.06661661714315 0.18674710392952
v -0.03227584064007 0.06975348293781 0.19558000564575
v -0.034224960953 0.07290257513523 0.20457251369953
v -0.03744374960661 0.07606025785208 0.21355484426022
v -0.04194137081504 0.07922621816397 0.22235676646233
v -0.0477046109736 0.08239402621984 0.2308052033186
v -0.05469878017902 0.08556487411261 0.23873017728329
v -0.06286843121052 0.08873416483402 0.24596843123436
v -0.07213795930147 0.09190030395985 0.25236102938652
v -0.08241265267134 0.09506167471409 0.25776088237762
v -0.09357994049788 0.09821756929159 0.26203179359436
v -0.10551235079765 0.10136677324772 0.26504942774773
v -0.1180652230978 0.10450728982687 0.26670578122139
v -0.13108256459236 0.10763891786337 0.2669090628624
v -0.14439785480499 0.11076327413321 0.26558512449265
v -0.15783387422562 0.11388035863638 0.26267632842064
v -0.1712067425251 0.11698736995459 0.25815007090569
v -0.18432764708996 0.12008728832006 0.25198775529861
v -0.19700448215008 0.12317975610495 0.24419659376144
v -0.20904397964478 0.12626625597477 0.23480217158794
v -0.22025349736214 0.12935020029545 0.22385185956955
v -0.23044422268867 0.13243134319782 0.21141511201859
v -0.23943305015564 0.13551220297813 0.19758227467537
v -0.24704292416573 0.13859494030476 0.18246558308601
v -0.25310662388802 0.14168246090412 0.16619580984116
v -0.25746959447861 0.1447779238224 0.14892530441284
v -0.2599909901619 0.14788456261158 0.13082452118397
v -0.26054447889328 0.15100601315498 0.11208049952984
v -0.25902318954468 0.1541448533535 0.09289965778589
v -0.25533920526505 0.15730634331703 0.07350131124258
v -0.24942615628242 0.16049386560917 0.05411935970187
v -0.2412421554327 0.16371247172356 0.03499867022038
v -0.23077000677586 0.16696730256081 0.01639406941831
v -0.21802039444447 0.17026336491108 -0.00143250997644
v -0.2030311524868 0.17360402643681 -0.0182152800262
v -0.18586984276772 0.17699702084064 -0.03368613123894
v -0.16663481295109 0.18044747412205 -0.0475777797401
v -0.14545567333698 0.18396112322807 -0.0596286803484
v -0.1224931627512 0.18754567205906 -0.06958466023207
v -0.09793985635042 0.19120456278324 -0.07720384001732
v -0.07201889902353 0.1949464827776 -0.08225797116756
v -0.04498476162553 0.19877840578556 -0.08454071730375
v -0.01711970940232 0.20270647108555 -0.08386532962322
v 0.01126566994935 0.20673795044422 -0.08007518202066
v 0.03983638063073 0.21087862551212 -0.07304310053587
v 0.06823488324881 0.21514065563679 -0.06267517060041
v 0.0960843488574 0.21952719986439 -0.04891712963581
v 0.12299294024706 0.22404757142067 -0.03175526857376
v 0.14855791628361 0.22871032357216 -0.01121902000159
v 0.17237006127834 0.23352274298668 0.01261444017291
v 0.19401946663857 0.23849210143089 0.03962161019444
v 0.21310018002987 0.24362947046757 0.06962706148624
v 0.22921660542488 0.24893952906132 0.10240586102009
v 0.24199223518372 0.25443312525749 0.13768407702446
v 0.25106912851334 0.26011863350868 0.17513416707516
v 0.25612309575081 0.26600322127342 0.21438427269459
v 0.25686249136925 0.27209660410881 0.25501292943954
v 0.25303938984871 0.27840825915337 0.29655838012695
v 0.24445477128029 0.28494480252266 0.33851861953735
v 0.23096193373203 0.29171568155289 0.38035717606544
v 0.21247498691082 0.29872950911522 0.42151010036469
v 0.18897201120853 0.30599448084831 0.46138975024223
v 0.16049851477146 0.31352230906487 0.49939745664597
v 0.12717263400555 0.32131597399712 0.53492480516434
v 0.08918400108814 0.32938796281815 0.56736224889755
v 0.04679960012436 0.33774623274803 0.59611707925797
v 0.00036075999378 0.34639897942543 0.62060916423798
v -0.04971804842353 0.3553541302681 0.64029365777969
v -0.10294628143311 0.36461934447289 0.65466243028641
v -0.15876807272434 0.37420392036438 0.66325354576111
v -0.21656127274036 0.38411539793015 0.66566270589828
v -0.27564617991447 0.39436095952988 0.66155827045441
v -0.33528965711594 0.40494921803474 0.65067440271378
v -0.39471539855003 0.41588798165321 0.6328319311142
v -0.45311456918716 0.42718341946602 0.60794001817703
v -0.50965249538422 0.43884432315826 0.57600247859955
v -0.56348162889481 0.45087656378746 0.53712272644043
v -0.61375486850739 0.46328672766685 0.49150475859642
v -0.65963381528854 0.47608271241188 0.43945816159248
v -0.7003054022789 0.48927029967308 0.38139578700066
v -0.73499482870102 0.50285482406616 0.31783172488213
v -0.76297610998154 0.51684319972992 0.24938236176968
v -0.78358489274979 0.53124141693115 0.1767566204071
v -0.79623544216156 0.54605430364609 0.10075479745865
v -0.80042594671249 0.56128621101379 0.02225350029767
v -0.7957535982132 0.57694399356842 -0.05779572948813
v -0.7819237112999 0.59303110837936 -0.13838283717632
v -0.75875908136368 0.60955154895782 -0.21845257282257
v -0.72620266675949 0.62650990486145 -0.29690971970558
v -0.68433123826981 0.64391028881073 -0.37264651060104
v -0.63335031270981 0.66175526380539 -0.44454723596573
v -0.57360291481018 0.68004775047302 -0.51151072978973
v -0.50556468963623 0.69879186153412 -0.57246291637421
v -0.42984515428543 0.71798902750015 -0.62637448310852
v -0.34718251228333 0.7376406788826 -0.67228418588638
v -0.25843507051468 0.75774967670441 -0.70930087566376
v -0.16457672417164 0.77831721305847 -0.73663151264191
v -0.06668265163898 0.7993438243866 -0.75359100103378
v 0.03407993912697 0.82083082199097 -0.75961351394653
v 0.13646656274796 0.84277772903442 -0.75427359342575
v 0.23917390406132 0.86518466472626 -0.73727893829346
v 0.34085333347321 0.88805168867111 -0.70850253105164
v 0.44012805819511 0.91137772798538 -0.66796678304672
v 0.53561663627625 0.93516051769257 -0.61585962772369
v 0.62595117092133 0.95940113067627 -0.55254065990448
v 0.70979642868042 0.98409473896027 -0.47852325439453
v 0.78586763143539 1.00924050807953 -0.39448887109756
v 0.85295540094376 1.03483581542969 -0.30127462744713
v 0.90994536876678 1.0608766078949 -0.19986468553543
v 0.92373710870743 1.10083937644958 -0.09916012734175
v -0.09636466950178 0.02189119718969 0.1551521718502
v -0.09453651309013 0.02340318635106 0.15082742273808
v -0.09193649142981 0.02518727630377 0.14709047973156
v -0.088582418859 0.02701147645712 0.14399610459805
v -0.08459299057722 0.02887131646276 0.14165072143078
v -0.08009810000658 0.03076245635748 0.1401404440403
v -0.07523682713509 0.0326816663146 0.13953222334385
v -0.0701544880867 0.03462352603674 0.13987244665623
v -0.06500042229891 0.03658677637577 0.1411871612072
v -0.05992472916842 0.03856702521443 0.14348240196705
v -0.05507614836097 0.04056038707495 0.14674325287342
v -0.05059976875782 0.04256584495306 0.15093563497066
v -0.04663442075253 0.04457880556583 0.15600807964802
v -0.04331114143133 0.04659863561392 0.16188912093639
v -0.04075092077255 0.04862369596958 0.16849228739738
v -0.03906255960464 0.05065091699362 0.17571498453617
v -0.03834187984467 0.05268003791571 0.18344335258007
v -0.03867008164525 0.05470909550786 0.19154933094978
v -0.04011214897037 0.05673934519291 0.19989632070065
v -0.04271608963609 0.05876733735204 0.20833942294121
v -0.04651315137744 0.06079365685582 0.21672606468201
v -0.05151581019163 0.06281890720129 0.22490166127682
v -0.05771758034825 0.06484248489141 0.23270602524281
v -0.06509324908257 0.06686576455832 0.23998112976551
v -0.07359918951988 0.06888915598392 0.24657233059406
v -0.08317203074694 0.07091535627842 0.25232198834419
v -0.09373012185097 0.07294316589832 0.25708356499672
v -0.10517413169146 0.0749769359827 0.2607184946537
v -0.11738660186529 0.07701571285725 0.2630940079689
v -0.13023294508457 0.07906480878592 0.264090269804
v -0.14356355369091 0.08112456649542 0.26360270380974
v -0.15721364319324 0.08319838345051 0.26154080033302
v -0.17100569605827 0.08528979867697 0.25782862305641
v -0.18475021421909 0.08740319311619 0.25241336226463
v -0.19824689626694 0.0895396694541 0.24525989592075
v -0.21128836274147 0.09170367568731 0.23635645210743
v -0.22366063296795 0.09389885514975 0.22571170330048
v -0.23514759540558 0.09613408893347 0.21336072683334
v -0.24553020298481 0.09841038286686 0.19936445355415
v -0.25459209084511 0.10073317587376 0.18380838632584
v -0.2621214389801 0.10310693830252 0.16680598258972
v -0.26791328191757 0.10553641617298 0.14849670231342
v -0.27177634835243 0.108029268682 0.12904733419418
v -0.27353003621101 0.11059029400349 0.10864862799644
v -0.27301263809204 0.11322589963675 0.08751943707466
v -0.27008286118507 0.11594094336033 0.06590144336224
v -0.26462456583977 0.11874266713858 0.04405768960714
v -0.25654777884483 0.12163885682821 0.02227265946567
v -0.24579340219498 0.12463476508856 0.00084807997337
v -0.2323355525732 0.12773813307285 -0.01990026980639
v -0.21618449687958 0.13095428049564 -0.03964516147971
v -0.19738812744617 0.13429196178913 -0.05805239081383
v -0.17603470385075 0.13775904476643 -0.07478356361389
v -0.15225374698639 0.14136186242104 -0.08950532972813
v -0.1262181699276 0.14510847628117 -0.10188762098551
v -0.09814175963402 0.14900739490986 -0.1116150021553
v -0.06828162819147 0.15306456387043 -0.11838594824076
v -0.03693700954318 0.15728957951069 -0.12192562222481
v -0.00444571021944 0.16168881952763 -0.12198542058468
v 0.02881678938866 0.1662712842226 -0.11835043132305
v 0.06244051083922 0.17104639112949 -0.11084636300802
v 0.09598579257727 0.17601938545704 -0.09934221953154
v 0.12898680567741 0.18120214343071 -0.08375585079193
v 0.16095772385597 0.18659970164299 -0.06405852735043
v 0.19139838218689 0.1922210007906 -0.04027945175767
v 0.21980105340481 0.19807562232018 -0.01250594016165
v 0.24565710127354 0.20416954159737 0.01911097951233
v 0.26846450567245 0.21051253378391 0.0543569996953
v 0.28773754835129 0.21711350977421 0.0929536819458
v 0.30301237106323 0.22397877275944 0.13455918431282
v 0.31385627388954 0.23111696541309 0.17876817286015
v 0.31987643241882 0.23853643238544 0.22511732578278
v 0.32072797417641 0.24624492228031 0.27308604121208
v 0.31612080335617 0.25425097346306 0.32210195064545
v 0.30582916736603 0.26256009936333 0.37154930830002
v 0.2896942794323 0.27118131518364 0.42077270150185
v 0.26763454079628 0.28012397885323 0.46908393502235
v 0.23964908719063 0.28939262032509 0.51577568054199
v 0.20582075417042 0.29899552464485 0.56012547016144
v 0.16632126271725 0.30893883109093 0.60141146183014
v 0.12141007184982 0.31922987103462 0.63891696929932
v 0.07144034653902 0.32987612485886 0.67194628715515
v 0.01684870012105 0.34088444709778 0.6998336315155
v -0.04183628037572 0.352259516716 0.72195416688919
v -0.10400717705488 0.3640076816082 0.73773914575577
v -0.16897651553154 0.37613582611084 0.74668401479721
v -0.23598854243755 0.38864946365356 0.74835669994354
v -0.30422163009644 0.40155327320099 0.74240988492966
v -0.37280413508415 0.4148525595665 0.72859197854996
v -0.44082120060921 0.42855289578438 0.70674902200699
v -0.50732678174973 0.44265693426132 0.67683607339859
v -0.57135909795761 0.45717173814774 0.63892388343811
v -0.63195115327835 0.47209998965263 0.59319072961807
v -0.68814259767532 0.48744577169418 0.53994089365005
v -0.73900496959686 0.50321155786514 0.47959488630295
v -0.78364241123199 0.51940232515335 0.41268694400787
v -0.82121670246124 0.53601956367493 0.33986708521843
v -0.85095685720444 0.5530658364296 0.26189148426056
v -0.87217175960541 0.57054477930069 0.1796150803566
v -0.88427180051804 0.58845627307892 0.0939858481288
v -0.88676661252975 0.6068035364151 0.00603256002069
v -0.8792878985405 0.62558680772781 -0.08315113186836
v -0.86159694194794 0.64480781555176 -0.17241314053535
v -0.83358430862427 0.66446632146835 -0.26056563854218
v -0.7952880859375 0.68456268310547 -0.34639817476273
v -0.74688249826431 0.70509672164917 -0.42869114875793
v -0.68869507312775 0.7260684967041 -0.50623768568039
v -0.62119871377945 0.74747663736343 -0.57786452770233
v -0.5450074672699 0.76932007074356 -0.6424360871315
v -0.46087592840195 0.79159647226334 -0.69889348745346
v -0.36968889832497 0.81430459022522 -0.74625545740128
v -0.27245417237282 0.83744251728058 -0.78363537788391
v -0.17029133439064 0.86100625991821 -0.81027042865753
v -0.06441581994295 0.8849937915802 -0.82551461458206
v 0.04387221112847 0.90940129756927 -0.82887542247772
v 0.1532084941864 0.93422514200211 -0.82000380754471
v 0.26218095421791 0.95946103334427 -0.79870879650116
v 0.36934632062912 0.98510360717773 -0.76497733592987
v 0.47325676679611 1.01115012168884 -0.71895456314087
v 0.5724750161171 1.03759336471558 -0.66096699237823
v 0.66559565067291 1.06442892551422 -0.59150701761246
v 0.75126928091049 1.09164988994598 -0.5112379193306
v 0.82821804285049 1.11925077438354 -0.42098242044449
v 0.8952614068985 1.14722406864166 -0.32171872258186
v 0.95133113861084 1.17556416988373 -0.21456590294838
v 0.95954638719559 1.20525050163269 -0.10817337036133
v -0.09638956189156 0.0217850971967 0.15521292388439
v -0.0947457626462 0.02255829609931 0.15130220353603
v -0.09242091327906 0.0234728064388 0.1479549407959
v -0.08939653635025 0.02439745701849 0.14514906704426
v -0.08576688915491 0.02533080615103 0.14298585057259
v -0.08163786679506 0.02627314627171 0.14155209064484
v -0.07712519168854 0.02722062729299 0.14092074334621
v -0.07235284149647 0.0281736459583 0.14114813506603
v -0.06745160371065 0.02913131564856 0.14227445423603
v -0.06255628168583 0.03009130619466 0.14432223141193
v -0.05780410021544 0.0310548171401 0.1472984701395
v -0.05333349108696 0.03202183544636 0.15118861198425
v -0.0492803491652 0.03299053758383 0.15596549212933
v -0.045778401196 0.03396489471197 0.16158041357994
v -0.04295545071363 0.03494234755635 0.16796967387199
v -0.04093210026622 0.03592516481876 0.17505295574665
v -0.03982033953071 0.03691639751196 0.18273389339447
v -0.03972129896283 0.03791584819555 0.19090011715889
v -0.04072295874357 0.03892447799444 0.19942842423916
v -0.04289996996522 0.03994770720601 0.20817838609219
v -0.04631068184972 0.0409848280251 0.21700260043144
v -0.05099602043629 0.0420385748148 0.22574265301228
v -0.056978918612 0.04311503469944 0.2342299669981
v -0.0642616674304 0.04421641677618 0.24229252338409
v -0.07282619178295 0.04534288495779 0.2497560530901
v -0.08263283222914 0.04650177806616 0.2564392387867
v -0.09361816197634 0.04769690707326 0.26216766238213
v -0.10569796711206 0.04893012717366 0.26676580309868
v -0.11876340955496 0.0502085275948 0.27006757259369
v -0.13268400728703 0.0515362881124 0.27191439270973
v -0.14730562269688 0.05291636660695 0.27215903997421
v -0.16245417296886 0.05435748770833 0.2706706225872
v -0.17793394625187 0.05586214736104 0.26733461022377
v -0.1935313642025 0.05743606761098 0.26205712556839
v -0.20901499688625 0.05908580496907 0.2547687292099
v -0.22414021193981 0.06081880629063 0.24542370438576
v -0.23864944279194 0.06263901293278 0.23400810360909
v -0.25227689743042 0.06455298513174 0.22053568065166
v -0.26475140452385 0.06656964868307 0.20505329966545
v -0.27580016851425 0.06869264692068 0.18764269351959
v -0.28515288233757 0.07092954963446 0.16841985285282
v -0.29254749417305 0.07328780740499 0.14753665030003
v -0.29773089289665 0.07577307522297 0.12518033385277
v -0.30046829581261 0.07839830964804 0.10157299786806
v -0.30054470896721 0.08116449415684 0.07697396725416
v -0.29777079820633 0.08408226817846 0.05167127028108
v -0.29198831319809 0.08715702593327 0.02598449960351
v -0.28307202458382 0.09039707481861 0.0002630300005
v -0.27093696594238 0.09380974620581 -0.02512378059328
v -0.25554111599922 0.09740569442511 -0.04978584125638
v -0.23688748478889 0.10118855535984 -0.07331691682339
v -0.2150307148695 0.10516764968634 -0.09530369192362
v -0.19007347524166 0.10935183614492 -0.11532743275166
v -0.16217425465584 0.11374862492085 -0.1329737007618
v -0.13154469430447 0.11836602538824 -0.14783762395382
v -0.09844981878996 0.12320985645056 -0.15952983498573
v -0.0632084980607 0.12828983366489 -0.16768485307693
v -0.02619123086333 0.13361348211765 -0.17196904122829
v 0.01218395028263 0.13918933272362 -0.17208459973335
v 0.0514535009861 0.14502455294132 -0.16777755320072
v 0.091113679111 0.15112544596195 -0.15884919464588
v 0.13062560558319 0.15750212967396 -0.14515236020088
v 0.16942182183266 0.16415867209435 -0.12660655379295
v 0.20691475272179 0.17110589146614 -0.10319542139769
v 0.24250321090221 0.1783494502306 -0.07497514784336
v 0.27557995915413 0.18589623272419 -0.04207513853908
v 0.3055437207222 0.19375403225422 -0.00470212986693
v 0.33180683851242 0.20192934572697 0.0368615090847
v 0.35380524396896 0.21042819321156 0.08225797116756
v 0.37100809812546 0.21925899386406 0.13105297088623
v 0.38292759656906 0.22842702269554 0.18274164199829
v 0.38913032412529 0.23793776333332 0.23675222694874
v 0.38924381136894 0.24779853224754 0.29244929552078
v 0.38296607136726 0.25801494717598 0.34914347529411
v 0.37007436156273 0.26859399676323 0.4060965180397
v 0.35043308138847 0.2795362174511 0.46253845095634
v 0.32399466633797 0.2908508181572 0.51766067743301
v 0.29081085324287 0.30254307389259 0.57064509391785
v 0.25103250145912 0.31461569666862 0.62066453695297
v 0.20491130650043 0.32707366347313 0.66690027713776
v 0.15280148386955 0.33992168307304 0.70855367183685
v 0.09515856206417 0.35316306352615 0.7448548078537
v 0.03253674134612 0.36680263280869 0.77508181333542
v -0.03441594168544 0.38084268569946 0.79856997728348
v -0.10496357083321 0.39528554677963 0.81472647190094
v -0.17829182744026 0.41013476252556 0.82303339242935
v -0.25351276993752 0.42539379000664 0.82307374477386
v -0.32968002557755 0.44106292724609 0.81452530622482
v -0.40579575300217 0.45714476704597 0.79718071222305
v -0.480832695961 0.47364142537117 0.77094966173172
v -0.55373412370682 0.4905518591404 0.73586136102676
v -0.6234450340271 0.50788044929504 0.692074239254
v -0.68891447782516 0.52562457323074 0.63987559080124
v -0.74911743402481 0.54378569126129 0.5796794295311
v -0.80307024717331 0.56236338615417 0.51202589273453
v -0.84984582662582 0.58135706186295 0.43758025765419
v -0.88858938217163 0.60076665878296 0.35711905360222
v -0.91853153705597 0.62058961391449 0.27153247594833
v -0.93900537490845 0.64082485437393 0.18180446326733
v -0.94945442676544 0.66147083044052 0.08900918066502
v -0.94944721460342 0.68252497911453 -0.00570790003985
v -0.93868863582611 0.70398449897766 -0.1011426076293
v -0.91702544689178 0.72584652900696 -0.19604748487473
v -0.88444781303406 0.74810814857483 -0.28914999961853
v -0.84110176563263 0.77076560258865 -0.37916880846024
v -0.78728383779526 0.79381448030472 -0.46483650803566
v -0.72344642877579 0.81724965572357 -0.54491138458252
v -0.65018850564957 0.84106779098511 -0.61820155382156
v -0.56825357675552 0.86526381969452 -0.68358308076859
v -0.47852286696434 0.88983124494553 -0.7400153875351
v -0.38200116157532 0.9147652387619 -0.78655314445496
v -0.27981218695641 0.94005995988846 -0.82237935066223
v -0.17317828536034 0.96570789813995 -0.84679663181305
v -0.06340762972832 0.99170380830765 -0.85925567150116
v 0.04812446981668 1.01803779602051 -0.85936111211777
v 0.15999321639538 1.04470717906952 -0.84688276052475
v 0.27074113488197 1.07170128822327 -0.82174974679947
v 0.37890693545341 1.09901213645935 -0.78407371044159
v 0.48303493857384 1.12663221359253 -0.73413228988647
v 0.58170247077942 1.15455365180969 -0.67237889766693
v 0.67354416847229 1.18276643753052 -0.59943228960037
v 0.75726479291916 1.21126246452332 -0.51607650518417
v 0.83165782690048 1.24003148078918 -0.42324322462082
v 0.89563637971878 1.26906490325928 -0.32200995087624
v 0.94823402166367 1.29835402965546 -0.21358078718185
v 0.95389610528946 1.31585538387299 -0.10680375993252
v -0.09639716148376 0.02166326716542 0.15523205697536
v -0.09480851143599 0.0215807761997 0.15144501626492
v -0.0925467312336 0.0215083565563 0.14818277955055
v -0.08957076817751 0.02144064567983 0.1453994512558
v -0.0859561637044 0.02137901633978 0.14320488274097
v -0.08179332315922 0.02132453583181 0.14169943332672
v -0.07718595117331 0.02127726562321 0.14097121357918
v -0.07224915921688 0.02124061621726 0.14109501242638
v -0.06710892915726 0.02121492661536 0.14213049411774
v -0.06189955025911 0.0212021060288 0.14412294328213
v -0.05676317960024 0.02120550721884 0.14709754288197
v -0.05184569954872 0.02122743614018 0.15106520056725
v -0.04729767143726 0.02127017639577 0.1560141146183
v -0.04326966032386 0.02133836597204 0.16191524267197
v -0.03991077840328 0.0214342661202 0.16871826350689
v -0.03736653923988 0.02156146615744 0.17635262012482
v -0.03577601164579 0.02172328718007 0.18472768366337
v -0.03526910021901 0.02192511595786 0.19373314082623
v -0.03596479818225 0.02217205613852 0.20323899388313
v -0.03796730935574 0.02246578596532 0.21309803426266
v -0.04136450961232 0.02281405590475 0.22314484417439
v -0.04622483998537 0.02322115562856 0.23319916427135
v -0.05259558185935 0.02369089610875 0.24306902289391
v -0.0605002194643 0.02423031628132 0.25254899263382
v -0.06993696838617 0.02484412677586 0.26142740249634
v -0.08087646961212 0.02553828619421 0.26948714256287
v -0.09326115250587 0.02632005698979 0.27650773525238
v -0.10700330883265 0.0271937455982 0.28227210044861
v -0.12198646366596 0.028166256845 0.2865671813488
v -0.13806246221066 0.02924503572285 0.2891905605793
v -0.15505467355251 0.03043581731617 0.28995206952095
v -0.17275704443455 0.03174509480596 0.28867879509926
v -0.1909364014864 0.03317942470312 0.28522023558617
v -0.20933476090431 0.03474982827902 0.27945005893707
v -0.22766916453838 0.03645737469196 0.27127227187157
v -0.24564318358898 0.03831090778112 0.26062592864037
v -0.2629369199276 0.04032160714269 0.24747954308987
v -0.27922442555428 0.04249312728643 0.23184816539288
v -0.29416981339455 0.04483296722174 0.21378472447395
v -0.30743819475174 0.04735006764531 0.19338527321815
v -0.31869551539421 0.05005087703466 0.17079143226147
v -0.32762041687965 0.05294241756201 0.14618997275829
v -0.33390176296234 0.05603428557515 0.11981125175953
v -0.33725842833519 0.05933197587728 0.09193149954081
v -0.3374294936657 0.06284506618977 0.0628676712513
v -0.33418899774551 0.06657822430134 0.03297748044133
v -0.32735189795494 0.07054265588522 0.00265307002701
v -0.31677737832069 0.07474221289158 -0.02767962962389
v -0.30237373709679 0.07918508350849 -0.05756808817387
v -0.28410437703133 0.08388056606054 -0.08653975278139
v -0.2619896531105 0.08883501589298 -0.11410544812679
v -0.23611119389534 0.09405626356602 -0.13976919651031
v -0.20661376416683 0.09954937547445 -0.16303627192974
v -0.17370638251305 0.10532339662313 -0.18341661989689
v -0.1376619040966 0.11138208955526 -0.20043957233429
v -0.09881719946861 0.11774076521397 -0.21365532279015
v -0.05757192149758 0.12439503520727 -0.22265054285526
v -0.01438338961452 0.13135851919651 -0.22705215215683
v 0.03023752942681 0.13863505423069 -0.22653551399708
v 0.07572990655899 0.14623011648655 -0.22083294391632
v 0.12149038165808 0.1541511118412 -0.20974318683147
v 0.16688044369221 0.16240379214287 -0.19313256442547
v 0.21123394370079 0.17099298536777 -0.17094561457634
v 0.25386813282967 0.17992678284645 -0.14320628345013
v 0.29409152269363 0.18920667469501 -0.11002349108458
v 0.33121526241302 0.19883961975574 -0.07159154117107
v 0.36456316709518 0.20882949233055 -0.02819284051657
v 0.39348420500755 0.21918371319771 0.01980439946055
v 0.41736191511154 0.22990228235722 0.07194662094116
v 0.43562778830528 0.2409920245409 0.12769937515259
v 0.44776937365532 0.25245699286461 0.18645030260086
v 0.45334231853485 0.2642984688282 0.24751724302769
v 0.45197802782059 0.27652129530907 0.31015539169312
v 0.4433975815773 0.28912860155106 0.373565107584
v 0.42741110920906 0.30212289094925 0.43690431118011
v 0.40393158793449 0.31550395488739 0.49929708242416
v 0.37297528982162 0.32927805185318 0.55984658002853
v 0.3346706032753 0.34344437718391 0.61764669418335
v 0.28925108909607 0.35800448060036 0.6717973947525
v 0.23706674575806 0.37296029925346 0.72142243385315
v 0.17857696115971 0.38831269741058 0.76567083597183
v 0.11434412747622 0.40406173467636 0.80374413728714
v 0.04503643140197 0.42020723223686 0.83490413427353
v -0.02858486957848 0.43674999475479 0.85848331451416
v -0.1056716516614 0.4536899626255 0.87390178442001
v -0.18529680371284 0.47102448344231 0.88067871332169
v -0.26646855473518 0.48875343799591 0.8784396648407
v -0.34814587235451 0.50687479972839 0.86692672967911
v -0.4292439520359 0.52538758516312 0.84600001573563
v -0.50865805149078 0.54428994655609 0.81565749645233
v -0.58527153730392 0.56357711553574 0.77602696418762
v -0.65797960758209 0.5832491517067 0.72736555337906
v -0.72570115327835 0.60330164432526 0.67006951570511
v -0.78739404678345 0.62373054027557 0.60466688871384
v -0.84207808971405 0.64453309774399 0.53181344270706
v -0.88883626461029 0.66570323705673 0.45228207111359
v -0.92685854434967 0.6872386932373 0.36696127057076
v -0.95541620254517 0.70913362503052 0.27683725953102
v -0.97390961647034 0.73138278722763 0.18299296498299
v -0.98185843229294 0.75398123264313 0.08658196032047
v -0.97892582416534 0.77692270278931 -0.01118007022887
v -0.96491271257401 0.80020129680634 -0.10903169959784
v -0.93977093696594 0.82381069660187 -0.20568771660328
v -0.90360331535339 0.84774392843246 -0.29985022544861
v -0.8566734790802 0.8719944357872 -0.39023560285568
v -0.79938971996307 0.89655494689941 -0.47558265924454
v -0.73231673240662 0.92141711711884 -0.55468249320984
v -0.65615975856781 0.94657391309738 -0.62638926506042
v -0.57176434993744 0.97201728820801 -0.68964260816574
v -0.48009809851646 0.99773794412613 -0.74347847700119
v -0.38224470615387 1.02372884750366 -0.78704828023911
v -0.27938783168793 1.04997944831848 -0.81962984800339
v -0.17279878258705 1.07648205757141 -0.84064984321594
v -0.06381095200777 1.10322630405426 -0.84967350959778
v 0.04618912935257 1.13020467758179 -0.84643393754959
v 0.15578705072403 1.15740406513214 -0.83081930875778
v 0.26355502009392 1.18481802940369 -0.80289387702942
v 0.3680779337883 1.21243333816528 -0.76288396120071
v 0.4679696559906 1.24024307727814 -0.71118730306625
v 0.56189656257629 1.26823484897614 -0.64835894107819
v 0.64858818054199 1.29639768600464 -0.57510995864868
v 0.72686946392059 1.32472205162048 -0.49230116605759
v 0.79566460847855 1.35319674015045 -0.40092733502388
v 0.85402381420136 1.38180983066559 -0.30210548639297
v 0.90112715959549 1.41055142879486 -0.19705890119076
v 0.90765130519867 1.41581618785858 -0.09525819122791
v -0.09638670086861 0.02154215611517 0.15520617365837
v -0.0947153866291 0.02061696723104 0.15123534202576
v -0.09229578077793 0.01959313638508 0.1477392166853
v -0.08907885849476 0.01859321631491 0.14470835030079
v -0.08513181656599 0.01761784590781 0.14227497577667
v -0.0805409476161 0.01667107641697 0.140560567379
v -0.07540991157293 0.0157568063587 0.13967654109001
v -0.06985920667648 0.01487978640944 0.13972069323063
v -0.06402461975813 0.01404311601073 0.14077703654766
v -0.05805490911007 0.01325233653188 0.14291191101074
v -0.05211118981242 0.01251311600208 0.14617237448692
v -0.04636349901557 0.0118270162493 0.15058265626431
v -0.0409884005785 0.01120348647237 0.15614691376686
v -0.03616705164313 0.01064385659993 0.16284242272377
v -0.03208076953888 0.01015581656247 0.17062227427959
v -0.02890890091658 0.00974454637617 0.1794142127037
v -0.02682455070317 0.00941534619778 0.18912038207054
v -0.02599198929965 0.0091762766242 0.19961470365524
v -0.02656208910048 0.00903006643057 0.21074886620045
v -0.02866934984922 0.00898720603436 0.22234733402729
v -0.03242750093341 0.0090501466766 0.23421615362167
v -0.03792798146605 0.00922789610922 0.24613744020462
v -0.04523447155952 0.00952734611928 0.25787788629532
v -0.05438148975372 0.00995244644582 0.26918897032738
v -0.06537108123302 0.01051403675228 0.27981114387512
v -0.07817077636719 0.01121421623975 0.2894791662693
v -0.09271319955587 0.01206739619374 0.29792183637619
v -0.10889209061861 0.01307662669569 0.30487561225891
v -0.12656420469284 0.01424523629248 0.31007993221283
v -0.1455500125885 0.01558561623096 0.31328904628754
v -0.1656301766634 0.01710428670049 0.31427097320557
v -0.18655367195606 0.01880707591772 0.31282249093056
v -0.20803335309029 0.02070130594075 0.30876287817955
v -0.22975358366966 0.02279450558126 0.30194565653801
v -0.25137186050415 0.02509595640004 0.29226183891296
v -0.27252322435379 0.02761133573949 0.27964541316032
v -0.29282614588737 0.03034712560475 0.26407447457314
v -0.31188699603081 0.03331233561039 0.24557602405548
v -0.32930728793144 0.03651209548116 0.22422781586647
v -0.3446888923645 0.03995587676764 0.20016120374203
v -0.35764199495316 0.04364814609289 0.17355993390083
v -0.36779141426086 0.04759724810719 0.14466251432896
v -0.37478560209274 0.05180909484625 0.11375921964645
v -0.37830057740211 0.05629362538457 0.08119148761034
v -0.37805008888245 0.06105323508382 0.04734924063087
v -0.37379160523415 0.06609566509724 0.01266543008387
v -0.36533120274544 0.07142891734838 -0.02238653041422
v -0.35253289341927 0.07705755531788 -0.05730133131146
v -0.33531746268272 0.08298971503973 -0.09154430031776
v -0.31367710232735 0.08922709524632 -0.12456557154655
v -0.2876683473587 0.09577955305576 -0.15580013394356
v -0.25742077827454 0.10265101492405 -0.18467976152897
v -0.22313703596592 0.10984643548727 -0.21064557135105
v -0.18509349226952 0.11737181991339 -0.23315346240997
v -0.14363788068295 0.1252328902483 -0.25168237090111
v -0.09918860346079 0.13342769443989 -0.2657518684864
v -0.05223029851913 0.1419730335474 -0.27491518855095
v -0.00331079005264 0.15086342394352 -0.27878966927528
v 0.04696654900908 0.16010649502277 -0.27704894542694
v 0.09795001149178 0.16970409452915 -0.2694388628006
v 0.14894643425941 0.17966063320637 -0.25578019022942
v 0.19923079013824 0.18998064100742 -0.23597720265388
v 0.2480576634407 0.20066525042057 -0.2100226432085
v 0.29466924071312 0.21171823143959 -0.17800061404705
v 0.33831027150154 0.22314025461674 -0.14008949697018
v 0.3782365322113 0.23493500053883 -0.09656208008528
v 0.41372880339622 0.24710465967655 -0.04778439179063
v 0.44410553574562 0.25964948534966 0.00578192993999
v 0.46873167157173 0.27257171273232 0.06359028071165
v 0.48703330755234 0.28587093949318 0.12500806152821
v 0.49850931763649 0.29954892396927 0.1893288642168
v 0.50273478031158 0.31360551714897 0.25577300786972
v 0.49938172101974 0.3280403316021 0.32350870966911
v 0.48821541666985 0.34285423159599 0.39164999127388
v 0.46910905838013 0.35804545879364 0.4592789709568
v 0.44204500317574 0.37361264228821 0.52545261383057
v 0.40712025761604 0.38955420255661 0.58921754360199
v 0.36454778909683 0.40587010979652 0.64962303638458
v 0.31465750932693 0.42255771160126 0.70574086904526
v 0.25789347290993 0.43961334228516 0.7566727399826
v 0.19481249153614 0.4570364356041 0.80157262086868
v 0.12607525289059 0.47482252120972 0.8396492600441
v 0.05244275927544 0.49296966195107 0.87018823623657
v -0.02523254044354 0.51147294044495 0.89256691932678
v -0.10602091252804 0.53032898902893 0.90625882148743
v -0.18892225623131 0.5495337843895 0.91084629297256
v -0.27288222312927 0.56908255815506 0.90602618455887
v -0.35680782794952 0.58897030353546 0.89163279533386
v -0.43957698345184 0.60919201374054 0.86761659383774
v -0.52006047964096 0.6297419667244 0.83407044410706
v -0.59713643789291 0.65061527490616 0.79121649265289
v -0.66970652341843 0.67180460691452 0.73942232131958
v -0.73671221733093 0.69330507516861 0.67917859554291
v -0.79714697599411 0.71510863304138 0.61110639572144
v -0.85008072853088 0.73720932006836 0.53594499826431
v -0.8946767449379 0.75959926843643 0.45455557107925
v -0.93019556999207 0.78227162361145 0.36789387464523
v -0.95598709583282 0.80521857738495 0.27699816226959
v -0.97156918048859 0.82843202352524 0.18299761414528
v -0.9765539765358 0.85190403461456 0.08707246929407
v -0.97071516513824 0.87562572956085 -0.00955076981336
v -0.95396691560745 0.89958930015564 -0.10561898350716
v -0.92636972665787 0.92378526926041 -0.19986653327942
v -0.88813608884811 0.94820469617844 -0.29103937745094
v -0.83962917327881 0.97283893823624 -0.37790930271149
v -0.78135246038437 0.99767780303955 -0.45928958058357
v -0.71395134925842 1.02271151542664 -0.53405910730362
v -0.63820230960846 1.04793167114258 -0.60117572546005
v -0.5550035238266 1.073326587677 -0.65968865156174
v -0.46536323428154 1.09888827800751 -0.70875698328018
v -0.3703824877739 1.12460541725159 -0.74766057729721
v -0.27124813199043 1.15046763420105 -0.77581268548965
v -0.16920973360538 1.17646408081055 -0.79276740550995
v -0.06556437164545 1.20258569717407 -0.79822778701782
v 0.03836134821177 1.22882044315338 -0.79205536842346
v 0.14123018085957 1.25515937805176 -0.77425861358643
v 0.24171303212643 1.28159010410309 -0.74501043558121
v 0.3385089635849 1.30810260772705 -0.70463627576828
v 0.43035796284676 1.33468627929688 -0.65361374616623
v 0.51606827974319 1.36132955551147 -0.59256231784821
v 0.59452521800995 1.38802540302277 -0.52224308252335
v 0.66471189260483 1.414754986763 -0.44353246688843
v 0.72571706771851 1.44151592254639 -0.3574313223362
v 0.77675777673721 1.46829211711884 -0.26503282785416
v 0.81718069314957 1.49507546424866 -0.16751590371132
v 0.82784593105316 1.4899126291275 -0.07529529184103
v -0.09635949134827 0.02144195698202 0.15513955056667
v -0.09448003023863 0.0198140963912 0.15070477128029
v -0.09170591086149 0.0180208273232 0.14669035375118
v -0.08799570798874 0.0162865165621 0.1431820243597
v -0.08341941982508 0.01461769640446 0.14033822715282
v -0.07807113975286 0.01301993615925 0.138308390975
v -0.0720674097538 0.01149924658239 0.13723248243332
v -0.06554677337408 0.01005961652845 0.13723449409008
v -0.05866795033216 0.00870956666768 0.13842040300369
v -0.05160741135478 0.00745387654752 0.14087577164173
v -0.04455675929785 0.00629850663245 0.14466308057308
v -0.03772097080946 0.0052522062324 0.14981612563133
v -0.03131308034062 0.00431968644261 0.15634314715862
v -0.0255519207567 0.00350733636878 0.16422015428543
v -0.02065742947161 0.00282456632704 0.1733922213316
v -0.01684645935893 0.00227345642634 0.18377362191677
v -0.01432895008475 0.00186564645264 0.19524353742599
v -0.01330203004181 0.00160642643459 0.20765024423599
v -0.01394615974277 0.00150169641711 0.22081318497658
v -0.01642126962543 0.0015593963908 0.23452028632164
v -0.02086083963513 0.00178619648796 0.24853177368641
v -0.02736926078796 0.00219001644291 0.2625869512558
v -0.03601692989469 0.00277836644091 0.27640181779861
v -0.0468369089067 0.00355776632205 0.28967875242233
v -0.05982397124171 0.00453462637961 0.30210635066032
v -0.0749281719327 0.00571568636224 0.31336936354637
v -0.09205809980631 0.00711025623605 0.3231495320797
v -0.11107631027699 0.00872405618429 0.33113619685173
v -0.1318008005619 0.01056446600705 0.3370266854763
v -0.15400631725788 0.0126372165978 0.34053966403008
v -0.17742389440536 0.01494999602437 0.34141635894775
v -0.20174384117126 0.01750983670354 0.33942723274231
v -0.22662203013897 0.02032269723713 0.33437794446945
v -0.25168013572693 0.02339454554021 0.32611766457558
v -0.27651166915894 0.02673365734518 0.31453990936279
v -0.30068856477737 0.0303442068398 0.29958942532539
v -0.32376703619957 0.03423519805074 0.28126671910286
v -0.34529286623001 0.038409486413 0.25962945818901
v -0.3648142516613 0.0428736358881 0.23479384183884
v -0.38188138604164 0.04763330519199 0.20693923532963
v -0.39606401324272 0.0526974350214 0.17630377411842
v -0.40694725513458 0.05806561559439 0.14318609237671
v -0.41415485739708 0.06374623626471 0.10794363170862
v -0.41734528541565 0.06974245607853 0.07098726183176
v -0.4162235558033 0.07606204599142 0.03278006985784
v -0.4105498790741 0.08270718902349 -0.00617149984464
v -0.40014439821243 0.08968378603458 -0.04532127082348
v -0.38489332795143 0.09698893874884 -0.08409254252911
v -0.36475309729576 0.10463972389698 -0.1218818873167
v -0.33975696563721 0.11262621730566 -0.15807603299618
v -0.31001427769661 0.12096120417118 -0.19205287098885
v -0.27571418881416 0.12964119017124 -0.22319753468037
v -0.23712871968746 0.13867451250553 -0.25090873241425
v -0.19460372626781 0.14805789291859 -0.27461355924606
v -0.14856415987015 0.15779486298561 -0.29376998543739
v -0.09950636327267 0.16789419949055 -0.30788412690163
v -0.04799624159932 0.17834873497486 -0.31651964783669
v 0.00534032983705 0.1891625225544 -0.31930351257324
v 0.05982401967049 0.20033670961857 -0.31593486666679
v 0.11473090201616 0.21187390387058 -0.30619490146637
v 0.1693015396595 0.22377367317677 -0.28995135426521
v 0.22275212407112 0.2360333353281 -0.26716396212578
v 0.27428603172302 0.24865539371967 -0.23788967728615
v 0.32310634851456 0.26163962483406 -0.20228219032288
v 0.36842665076256 0.27498498558998 -0.16059578955173
v 0.40948551893234 0.28868785500526 -0.11318331956863
v 0.44555658102036 0.30274891853333 -0.06049498170614
v 0.47596526145935 0.31716749072075 -0.00307001010515
v 0.50009351968765 0.33193844556808 0.05846023932099
v 0.5174001455307 0.34706309437752 0.1233891621232
v 0.5274224281311 0.36253410577774 0.19093886017799
v 0.52979165315628 0.37835186719894 0.26026502251625
v 0.5242383480072 0.39451235532761 0.33047732710838
v 0.51059794425964 0.41101235151291 0.40064641833305
v 0.48882114887238 0.42784667015076 0.46981680393219
v 0.45896905660629 0.44501182436943 0.53702074289322
v 0.42123022675514 0.46250361204147 0.60130190849304
v 0.37589660286903 0.48031622171402 0.6617077589035
v 0.32338550686836 0.49844521284103 0.71732580661774
v 0.26422131061554 0.51688432693481 0.76728987693787
v 0.19903795421124 0.53563010692596 0.8107927441597
v 0.12856729328632 0.55467313528061 0.84710121154785
v 0.05363161116838 0.57400971651077 0.87556535005569
v -0.02486851997674 0.59363335371017 0.89563471078873
v -0.10595980286598 0.61353600025177 0.90686845779419
v -0.18861849606037 0.6337109208107 0.90893959999084
v -0.2717792391777 0.65415275096893 0.90163558721542
v -0.3543476164341 0.67485070228577 0.88488495349884
v -0.43522274494171 0.69579982757568 0.85873639583588
v -0.5133062005043 0.71699064970016 0.82337713241577
v -0.58752369880676 0.73841482400894 0.77912110090256
v -0.65683782100677 0.76006531715393 0.72640997171402
v -0.72026431560516 0.78193283081055 0.66581016778946
v -0.77688765525818 0.80400902032852 0.59800696372986
v -0.82587379217148 0.82628464698792 0.52379369735718
v -0.86648327112198 0.84875041246414 0.44405660033226
v -0.89808619022369 0.87139743566513 0.35977372527122
v -0.92016834020615 0.89421629905701 0.27199292182922
v -0.93234050273895 0.91719728708267 0.18182012438774
v -0.93434453010559 0.94033116102219 0.09040658175945
v -0.92606502771378 0.96360784769058 -0.00106891000178
v -0.90751665830612 0.98701721429825 -0.09142088145018
v -0.87886315584183 1.01054978370667 -0.17947039008141
v -0.84040206670761 1.03419661521912 -0.26405766606331
v -0.79256629943848 1.05794596672058 -0.34406852722168
v -0.73592048883438 1.08178782463074 -0.41844019293785
v -0.67114925384521 1.1057140827179 -0.48618775606155
v -0.59905081987381 1.12971043586731 -0.54640090465546
v -0.52052474021912 1.15377116203308 -0.59828287363052
v -0.43655979633331 1.17788290977478 -0.64113557338715
v -0.34822064638138 1.20203769207001 -0.67438787221909
v -0.25663098692894 1.22622537612915 -0.69759279489517
v -0.16295865178108 1.25043416023254 -0.71043962240219
v -0.06840228289366 1.27465271949768 -0.71275269985199
v 0.02583119086921 1.29887580871582 -0.70451182126999
v 0.11854024976492 1.32308924198151 -0.68581134080887
v 0.20854321122169 1.34728515148163 -0.65691220760345
v 0.2946999669075 1.371453166008 -0.61819535493851
v 0.37592381238937 1.39558243751526 -0.57017439603806
v 0.45119786262512 1.41966640949249 -0.51348620653152
v 0.51958811283112 1.44369423389435 -0.44887691736221
v 0.5802538394928 1.46765673160553 -0.37719497084618
v 0.63246577978134 1.49154341220856 -0.2993783056736
v 0.67560529708862 1.51534783840179 -0.21643869578838
v 0.70917582511902 1.5390602350235 -0.12944905459881
v 0.72663354873657 1.52686738967896 -0.04995404928923
v -0.09631965309381 0.02137591689825 0.15504233539104
v -0.09413827210665 0.01929529570043 0.14993360638618
v -0.09086666256189 0.01702787727118 0.14519809186459
v -0.0864861831069 0.01487262640148 0.14105223119259
v -0.08107966929674 0.01283772662282 0.13768841326237
v -0.07475999742746 0.01092829648405 0.13528630137444
v -0.06766732037067 0.00915105640888 0.13401256501675
v -0.05996841937304 0.00751389656216 0.13401517271996
v -0.05185487121344 0.00602467637509 0.13541941344738
v -0.04353838041425 0.00468589644879 0.13832435011864
v -0.03524991124868 0.00351156643592 0.14279943704605
v -0.02723423019052 0.0025029364042 0.14888137578964
v -0.01974445953965 0.00166918640025 0.156573086977
v -0.0130403097719 0.0010191363981 0.16583894193172
v -0.00737969996408 0.00055577640887 0.17660677433014
v -0.00301643996499 0.0002891664335 0.18876506388187
v -0.00019142999372 0.00022389643709 0.20216478407383
v 0.0008691099938 0.00036879643449 0.21661767363548
v -0.00003784 0.00073065643664 0.23190167546272
v -0.00308792991564 0.00131477648392 0.24776217341423
v -0.00842524971813 0.00212981645018 0.26391285657883
v -0.01615571044385 0.003180046333 0.28004363179207
v -0.02634547092021 0.00447382638231 0.29582214355469
v -0.03901530057192 0.0060170465149 0.31090041995049
v -0.05413966998458 0.00781555660069 0.3249206840992
v -0.07164113968611 0.00987495668232 0.33752372860909
v -0.09139510989189 0.01220257673413 0.34835040569305
v -0.11322323977947 0.01480283681303 0.35705438256264
v -0.13689838349819 0.0176843572408 0.36330413818359
v -0.16214384138584 0.0208478756249 0.3667961359024
v -0.18863798677921 0.02430411614478 0.36725270748138
v -0.21601523458958 0.02805228717625 0.36444196105003
v -0.24387322366238 0.03210200741887 0.3581665456295
v -0.2717764377594 0.03645779564977 0.34828671813011
v -0.29926300048828 0.04112036526203 0.33471438288689
v -0.32585144042969 0.04609705507755 0.31742012500763
v -0.35104808211327 0.05139215663075 0.29643842577934
v -0.37435698509216 0.05700858682394 0.27186807990074
v -0.3952850997448 0.06294872611761 0.24387407302856
v -0.41335496306419 0.06921823322773 0.21268737316132
v -0.42810997366905 0.07581772655249 0.17860533297062
v -0.43912592530251 0.08275498449802 0.14198671281338
v -0.44601741433144 0.09002723544836 0.10325144231319
v -0.44844833016396 0.09763653576374 0.06287401169538
v -0.44613766670227 0.10558988898993 0.02137937024236
v -0.43886852264404 0.11388446390629 -0.02066634967923
v -0.42649173736572 0.12252547591925 -0.06265994906425
v -0.40893363952637 0.13150997459888 -0.10397277027369
v -0.38619858026505 0.14084181189537 -0.14395970106125
v -0.35837298631668 0.15052135288715 -0.18196730315685
v -0.32562586665154 0.16054828464985 -0.21734568476677
v -0.28820902109146 0.17092205584049 -0.24945923686028
v -0.24645838141441 0.18164302408695 -0.27769705653191
v -0.20078818500042 0.19271007180214 -0.30148440599442
v -0.15168869495392 0.20412315428257 -0.32028874754906
v -0.09972341358662 0.21588034927845 -0.33364415168762
v -0.04551497846842 0.22798064351082 -0.34113311767578
v 0.01025309041142 0.24042174220085 -0.34242802858353
v 0.06685265153646 0.25320276618004 -0.33727270364761
v 0.12351811677217 0.26631972193718 -0.32550621032715
v 0.17945677042007 0.27976909279823 -0.30705353617668
v 0.23386332392693 0.29355162382126 -0.28194496035576
v 0.28592735528946 0.30766105651855 -0.25030195713043
v 0.33485040068626 0.32209300994873 -0.21235238015652
v 0.37985640764236 0.3368459045887 -0.16842019557953
v 0.42020469903946 0.35191270709038 -0.11892765015364
v 0.45520117878914 0.36729276180267 -0.06438875943422
v 0.48421251773834 0.3829787671566 -0.0054052202031
v 0.50667387247086 0.39896631240845 0.05733802914619
v 0.52210378646851 0.41524904966354 0.12309093773365
v 0.53010767698288 0.4318225979805 0.19103628396988
v 0.53039056062698 0.44868049025536 0.26030743122101
v 0.52276051044464 0.46581816673279 0.32999819517136
v 0.50713557004929 0.48322704434395 0.39918100833893
v 0.48354569077492 0.50090163946152 0.46691119670868
v 0.45213267207146 0.5188347697258 0.53224587440491
v 0.41315710544586 0.53701972961426 0.59426128864288
v 0.36698871850967 0.55544888973236 0.65206032991409
v 0.31410422921181 0.57411497831345 0.70479041337967
v 0.25508484244347 0.59301042556763 0.75165510177612
v 0.19060881435871 0.61212748289108 0.79192960262299
v 0.12143956124783 0.63145732879639 0.82496792078018
v 0.04841852933168 0.65099197626114 0.85021615028381
v -0.0275476295501 0.67072302103043 0.86722075939178
v -0.10549794137478 0.69064337015152 0.87564098834991
v -0.18443155288696 0.7107418179512 0.8752481341362
v -0.26332488656044 0.73101097345352 0.86593395471573
v -0.34113928675652 0.75144112110138 0.84771019220352
v -0.4168421626091 0.77202391624451 0.82071954011917
v -0.48942190408707 0.79274952411652 0.7852144241333
v -0.55789601802826 0.81360983848572 0.74157822132111
v -0.62133550643921 0.83459389209747 0.69030821323395
v -0.67886954545975 0.85569286346436 0.63200497627258
v -0.72970414161682 0.87689739465714 0.56737178564072
v -0.77313184738159 0.89819753170013 0.4972063601017
v -0.80854177474976 0.91958439350128 0.42238080501556
v -0.83543002605438 0.94104725122452 0.34383967518806
v -0.85340595245361 0.96257740259171 0.2625795006752
v -0.86219823360443 0.9841650724411 0.17963741719723
v -0.86166101694107 1.00580036640167 0.09607875347137
v -0.8517706990242 1.02747392654419 0.01297530997545
v -0.83263605833054 1.04917585849762 -0.06860172748566
v -0.80448365211487 1.07089650630951 -0.14760304987431
v -0.76766473054886 1.0926274061203 -0.22301319241524
v -0.72264885902405 1.11435925960541 -0.29386556148529
v -0.67000943422318 1.13608074188232 -0.35925403237343
v -0.61042553186417 1.15778481960297 -0.41834855079651
v -0.54466503858566 1.17946243286133 -0.47040659189224
v -0.47357496619225 1.20110130310059 -0.51477342844009
v -0.39807540178299 1.22269701957703 -0.55091261863708
v -0.31913220882416 1.2442387342453 -0.5783851146698
v -0.23776003718376 1.26571762561798 -0.59687924385071
v -0.15499636530876 1.28712725639343 -0.60619509220123
v -0.0718906223774 1.30845880508423 -0.60625940561295
v 0.01050883997232 1.32970237731934 -0.59711843729019
v 0.09117002040148 1.35085272789001 -0.578941822052
v 0.16909429430962 1.37190175056458 -0.55201232433319
v 0.24332225322723 1.3928405046463 -0.51672124862671
v 0.31295534968376 1.41366302967072 -0.47357451915741
v 0.37716040015221 1.43436419963837 -0.42316743731499
v 0.43518272042274 1.45493447780609 -0.3661849796772
v 0.48635411262512 1.47537112236023 -0.30338743329048
v 0.53010296821594 1.49566543102264 -0.23560513556004
v 0.56595867872238 1.51581251621246 -0.16371868550777
v 0.59355443716049 1.53580725193024 -0.0886532664299
v 0.61942046880722 1.52105319499969 -0.02309199981391
v -0.09627334028482 0.02135612629354 0.15492874383926
v -0.09374359250069 0.01913972571492 0.14904004335403
v -0.08990620076656 0.01676704734564 0.14348791539669
v -0.08478000760078 0.01456798613071 0.13864356279373
v -0.07846897095442 0.01254709623754 0.13472937047482
v -0.0711118504405 0.01071335654706 0.13195377588272
v -0.06287965923548 0.00907202623785 0.13050569593906
v -0.05397355929017 0.00763090653345 0.13055261969566
v -0.04462217912078 0.00639613624662 0.13223025202751
v -0.03507677093148 0.00537456665188 0.13564485311508
v -0.02560793049634 0.00457336660475 0.14086483418941
v -0.01649942062795 0.00399770634249 0.14792110025883
v -0.00804409012198 0.00365622644313 0.1568019837141
v -0.00053691997891 0.00355305639096 0.16745319962502
v 0.00573083013296 0.00369502650574 0.17977707087994
v 0.01047680992633 0.00408919621259 0.19363076984882
v 0.01343559008092 0.00473900651559 0.20883026719093
v 0.01436350960284 0.00565334642306 0.22515015304089
v 0.01304563041776 0.0068358364515 0.24232523143291
v 0.00930077955127 0.00829185638577 0.26005783677101
v 0.002986819949 0.01002695597708 0.27801787853241
v -0.005994560197 0.01204605679959 0.29585006833076
v -0.01769308000803 0.01435394678265 0.31318098306656
v -0.03210746869445 0.01695652678609 0.32962191104889
v -0.04918342828751 0.01985778659582 0.34477990865707
v -0.06881120800972 0.02306075580418 0.35826298594475
v -0.09082563221455 0.02656884677708 0.36968758702278
v -0.1150066703558 0.03038819693029 0.37868455052376
v -0.14108099043369 0.03452004492283 0.38491231203079
v -0.16872410476208 0.03896971791983 0.38805821537972
v -0.19756634533405 0.04373903572559 0.38784876465797
v -0.22719480097294 0.04883106797934 0.38405641913414
v -0.25715965032578 0.05424751713872 0.37650609016418
v -0.28698262572289 0.05999286472797 0.36507785320282
v -0.31616112589836 0.06606604903936 0.34971457719803
v -0.34417986869812 0.07247074693441 0.33042246103287
v -0.37051689624786 0.07920743525028 0.30727994441986
v -0.39465311169624 0.08627732843161 0.28042948246002
v -0.41608113050461 0.09368040412664 0.25008577108383
v -0.43431651592255 0.10142071545124 0.21653090417385
v -0.44890415668488 0.10949458926916 0.18011416494846
v -0.45942801237106 0.11790414899588 0.14124642312527
v -0.4655222594738 0.12664838135242 0.10039587318897
v -0.46687489748001 0.13572604954243 0.05808525159955
v -0.46323814988136 0.1451368033886 0.01488169003278
v -0.45443487167358 0.15488085150719 -0.02861233986914
v -0.44036146998405 0.16495457291603 -0.07176274061203
v -0.42099332809448 0.17535622417927 -0.11391810327768
v -0.39639005064964 0.18608571588993 -0.15441824495792
v -0.36669182777405 0.19713820517063 -0.19260336458683
v -0.33212572336197 0.20851120352745 -0.22782805562019
v -0.29300057888031 0.22020450234413 -0.25946599245071
v -0.24970506131649 0.23221196234226 -0.28693029284477
v -0.20270563662052 0.24453075230122 -0.30967450141907
v -0.15253874659538 0.25715813040733 -0.32720828056335
v -0.09980557113886 0.27008727192879 -0.33910515904427
v -0.04516397044063 0.28331646323204 -0.34500715136528
v 0.01067952997983 0.29684028029442 -0.34464067220688
v 0.0669823884964 0.31065371632576 -0.33781450986862
v 0.12297347187996 0.32475134730339 -0.32443207502365
v 0.17786665260792 0.33912804722786 -0.30448570847511
v 0.23087224364281 0.35377779603004 -0.2780693769455
v 0.28120809793472 0.36869516968727 -0.2453725039959
v 0.32811319828033 0.38387343287468 -0.20668016374111
v 0.3708590567112 0.39930656552315 -0.16237196326256
v 0.40876197814941 0.41498744487762 -0.11291842162609
v 0.44119346141815 0.43090927600861 -0.05887281894684
v 0.46759155392647 0.44706654548645 -0.00086824997561
v 0.48747047781944 0.46344983577728 0.0603951998055
v 0.50042861700058 0.48005264997482 0.12415643036366
v 0.50615590810776 0.49686700105667 0.18960517644882
v 0.50444197654724 0.51388561725616 0.25589260458946
v 0.49517694115639 0.5311005115509 0.32214638590813
v 0.47835662961006 0.54850417375565 0.38747945427895
v 0.45408520102501 0.566086769104 0.45100492238998
v 0.42257207632065 0.58384168148041 0.51184993982315
v 0.38413140177727 0.60175853967667 0.56916731595993
v 0.33917859196663 0.61982989311218 0.62214881181717
v 0.28822755813599 0.6380478143692 0.6700411438942
v 0.23187680542469 0.65640205144882 0.71214985847473
v 0.170808121562 0.67488378286362 0.7478541135788
v 0.10577736049891 0.69348478317261 0.77661728858948
v 0.03759868815541 0.71219509840012 0.79799783229828
v -0.03286328911781 0.73100769519806 0.8116489648819
v -0.10470502078533 0.74991142749786 0.81732887029648
v -0.17699916660786 0.7688974738121 0.81490397453308
v -0.24880811572075 0.78795748949051 0.8043549656868
v -0.31919395923614 0.80708205699921 0.78576904535294
v -0.38723576068878 0.82626235485077 0.75934213399887
v -0.45204311609268 0.84548860788345 0.72538560628891
v -0.51276457309723 0.86475193500519 0.68430811166763
v -0.56860250234604 0.88404387235641 0.63661473989487
v -0.61882472038269 0.90335518121719 0.5829062461853
v -0.66277903318405 0.92267674207687 0.52386218309402
v -0.69988799095154 0.94199997186661 0.46023148298264
v -0.72967571020126 0.96131682395935 0.39283022284508
v -0.7517603635788 0.98061776161194 0.32251745462418
v -0.76586490869522 0.9998950958252 0.25019398331642
v -0.77182000875473 1.01914012432098 0.17678371071815
v -0.76956403255463 1.03834462165833 0.10322257876396
v -0.75914698839188 1.05750107765198 0.03044313006103
v -0.7407231926918 1.07660067081451 -0.04063400998712
v -0.71455413103104 1.09563755989075 -0.10911846160889
v -0.68100041151047 1.11460256576538 -0.1741552054882
v -0.64051997661591 1.13348889350891 -0.23494245111942
v -0.59365355968475 1.15229058265686 -0.29073974490166
v -0.54102402925491 1.17099905014038 -0.34087452292442
v -0.48332458734512 1.18960893154144 -0.38475582003593
v -0.42130514979362 1.20811355113983 -0.42187538743019
v -0.3557668030262 1.22650587558746 -0.45181977748871
v -0.28754699230194 1.24478197097778 -0.4742691218853
v -0.21751083433628 1.2629359960556 -0.48900625109673
v -0.14653539657593 1.28096234798431 -0.49590998888016
v -0.07549975067377 1.29885351657867 -0.49495747685432
v -0.00527581991628 1.3166092634201 -0.48623824119568
v 0.06328711658716 1.33422529697418 -0.46992170810699
v 0.12937073409557 1.35169100761414 -0.44627702236176
v 0.19219669699669 1.36900877952576 -0.4156645834446
v 0.25103822350502 1.38617539405823 -0.37852081656456
v 0.30522665381432 1.40318405628204 -0.3353568315506
v 0.35416051745415 1.42003512382507 -0.2867546081543
v 0.39730855822563 1.43672549724579 -0.23334735631943
v 0.43421778082848 1.45325255393982 -0.17582151293755
v 0.46451735496521 1.46961510181427 -0.11490143090487
v 0.48791971802711 1.48581326007843 -0.05134050175548
v 0.52253121137619 1.47335505485535 0.00120068003889
v -0.09622745960951 0.02138413675129 0.15481753647327
v -0.09335449337959 0.01936884596944 0.14815877377987
v -0.08897043019533 0.01727863587439 0.14182086288929
v -0.08313692361116 0.01541741658002 0.13632242381573
v -0.07598450034857 0.0137924766168 0.13191175460815
v -0.0676819011569 0.01240863651037 0.12881818413734
v -0.05843302980065 0.01127322670072 0.12724779546261
v -0.04847477003932 0.01039184629917 0.12737402319908
v -0.03807149082422 0.00976927671582 0.12933896481991
v -0.02751057967544 0.00941081624478 0.13324624300003
v -0.01709810085595 0.00932272616774 0.13915471732616
v -0.0071511301212 0.00950958672911 0.14708113670349
v 0.00200698990375 0.00997586641461 0.15699455142021
v 0.01005474012345 0.01072569657117 0.16881610453129
v 0.01667815074325 0.01176531612873 0.18241891264915
v 0.02157812006772 0.01309682615101 0.19762809574604
v 0.02447761967778 0.01472540665418 0.214225679636
v 0.0251271892339 0.0166539773345 0.23194882273674
v 0.02331249974668 0.01888658665121 0.25049757957458
v 0.01885884068906 0.02142574638128 0.26953542232513
v 0.01163682993501 0.02427567727864 0.28869864344597
v 0.0015672800364 0.02743848599494 0.30759966373444
v -0.01137655042112 0.0309169460088 0.32583519816399
v -0.027164850384 0.03471161797643 0.34299349784851
v -0.04571050032973 0.03882648795843 0.35866180062294
v -0.06686855107546 0.04326267540455 0.37243193387985
v -0.09043624997139 0.04802187532187 0.38391262292862
v -0.11615467816591 0.05310382694006 0.39273527264595
v -0.1437117010355 0.05851151794195 0.39856117963791
v -0.17274552583694 0.06424160301685 0.4010908305645
v -0.20285043120384 0.07029922306538 0.400067538023
v -0.2335804104805 0.07668044418097 0.39528769254684
v -0.26445955038071 0.08338721841574 0.38660559058189
v -0.2949832379818 0.09041692316532 0.37393489480019
v -0.32463404536247 0.09777255356312 0.35725629329681
v -0.35288479924202 0.10544820874929 0.33661878108978
v -0.37920916080475 0.11344649642706 0.31214076280594
v -0.40309220552444 0.12176068872213 0.28401052951813
v -0.42403587698936 0.1303925216198 0.25248298048973
v -0.44157555699348 0.13933916389942 0.2178842574358
v -0.45527881383896 0.14859737455845 0.18060040473938
v -0.46476316452026 0.15816429257393 0.14107683300972
v -0.46969959139824 0.16803808510303 0.09981247037649
v -0.46981954574585 0.17821295559406 0.05735078826547
v -0.46492204070091 0.18868680298328 0.01427581999451
v -0.45487999916077 0.19945432245731 -0.0287998598069
v -0.43964195251465 0.21051283180714 -0.07124345004559
v -0.41923677921295 0.22185643017292 -0.11241313070059
v -0.39377519488335 0.23348106443882 -0.15166506171227
v -0.36344662308693 0.24538071453571 -0.18836562335491
v -0.32852497696877 0.25755187869072 -0.22190280258656
v -0.28935992717743 0.2699873149395 -0.25169533491135
v -0.24637523293495 0.2826826274395 -0.27720338106155
v -0.20006442070007 0.29563042521477 -0.29793873429298
v -0.15098245441914 0.30882555246353 -0.3134705722332
v -0.09974045306444 0.32226121425629 -0.32343724370003
v -0.04699625074863 0.33593133091927 -0.32755070924759
v 0.00655522989109 0.34982794523239 -0.32560530304909
v 0.06019347161055 0.36394467949867 -0.31747791171074
v 0.11318024247885 0.37827470898628 -0.30313611030579
v 0.16477316617966 0.39281117916107 -0.28263631463051
v 0.21423506736755 0.40754422545433 -0.25612834095955
v 0.26084768772125 0.42246893048286 -0.22384998202324
v 0.30392080545425 0.43757638335228 -0.18612715601921
v 0.34280499815941 0.4528580904007 -0.14337122440338
v 0.37690016627312 0.46830669045448 -0.09607080370188
v 0.40566670894623 0.48391434550285 -0.0447877086699
v 0.42863351106644 0.49967163801193 0.00985203962773
v 0.44540664553642 0.51557183265686 0.06716538220644
v 0.45567438006401 0.53160536289215 0.12642425298691
v 0.45921322703362 0.54776436090469 0.18686364591122
v 0.4558954834938 0.56403940916061 0.24769538640976
v 0.44568410515785 0.58042228221893 0.30811613798141
v 0.42864185571671 0.59690552949905 0.36732283234596
v 0.40492585301399 0.61347901821136 0.42452096939087
v 0.37478768825531 0.63013529777527 0.47893810272217
v 0.33857035636902 0.64686459302902 0.52983957529068
v 0.29670396447182 0.66365879774094 0.57653003931046
v 0.24969573318958 0.68050915002823 0.61837011575699
v 0.19812904298306 0.6974071264267 0.65478521585464
v 0.14265103638172 0.71434444189072 0.68527317047119
v 0.08396597206593 0.73131263256073 0.70941132307053
v 0.02281902916729 0.74830317497253 0.72686260938644
v -0.0400052703917 0.76530718803406 0.73737990856171
v -0.1037013605237 0.78231734037399 0.74081110954285
v -0.16745217144489 0.79932510852814 0.73709571361542
v -0.23043778538704 0.81632316112518 0.72627764940262
v -0.29185244441032 0.83330273628235 0.70849007368088
v -0.35091120004654 0.85025602579117 0.68395882844925
v -0.4068618118763 0.86717611551285 0.65300470590591
v -0.45899966359138 0.88405585289001 0.61602610349655
v -0.50666809082031 0.90088725090027 0.57350522279739
v -0.54927575588226 0.91766357421875 0.52599215507507
v -0.58630007505417 0.93437772989273 0.4740999341011
v -0.61729311943054 0.95102375745773 0.41849991679192
v -0.64189147949219 0.96759480237961 0.35990187525749
v -0.6598157286644 0.98408472537994 0.29905220866203
v -0.67087453603745 1.00048744678497 0.23672172427177
v -0.67496407032013 1.0167977809906 0.17369267344475
v -0.67207729816437 1.03300940990448 0.11075132340193
v -0.66229146718979 1.04911780357361 0.04867574945092
v -0.64577108621597 1.06511807441711 -0.01177616976202
v -0.62276571989059 1.08100521564484 -0.06987313181162
v -0.59360247850418 1.09677541255951 -0.12492118030787
v -0.55868381261826 1.11242437362671 -0.17627041041851
v -0.51847851276398 1.12794876098633 -0.22332933545113
v -0.47351253032684 1.14334344863892 -0.2655593752861
v -0.42436850070953 1.15860831737518 -0.30249306559563
v -0.37166854739189 1.1737380027771 -0.33372843265533
v -0.31607568264008 1.18873190879822 -0.35894483327866
v -0.25827339291573 1.20358681678772 -0.3778914809227
v -0.19896541535854 1.21830093860626 -0.39039698243141
v -0.13886344432831 1.23287379741669 -0.39637094736099
v -0.07868015766144 1.24730336666107 -0.39579996466637
v -0.01911818981171 1.26159024238586 -0.38874623179436
v 0.03913645073771 1.27573311328888 -0.37534642219543
v 0.09542193263769 1.28973269462585 -0.35580915212631
v 0.14910688996315 1.30358815193176 -0.33040890097618
v 0.19959907233715 1.31730115413666 -0.29948207736015
v 0.24634918570518 1.33087408542633 -0.26342368125916
v 0.28885608911514 1.34430682659149 -0.2226782143116
v 0.32667219638824 1.35760200023651 -0.17773659527302
v 0.35940530896187 1.37076246738434 -0.12912835180759
v 0.3867224752903 1.38378953933716 -0.07741711288691
v 0.40835222601891 1.39668810367584 -0.02319061942399
v 0.45071503520012 1.39103412628174 0.01922588981688
v -0.09618917107582 0.021454885602 0.15472388267517
v -0.09303058683872 0.01995028555393 0.14742614328861
v -0.08820193260908 0.01848353631794 0.14045067131519
v -0.08180726319551 0.01729150675237 0.13444194197655
v -0.07400465011597 0.01638074591756 0.12966448068619
v -0.06499221920967 0.01575614698231 0.12635782361031
v -0.05500476062298 0.0154204564169 0.12473224103451
v -0.04430904984474 0.01537682674825 0.12496335059404
v -0.03319964930415 0.01562972553074 0.1271860152483
v -0.02199164032936 0.01618309691548 0.13149282336235
v -0.01101615000516 0.0170384272933 0.13792905211449
v -0.00061261001974 0.01819856651127 0.14648967981338
v 0.00887851044536 0.01966818608344 0.15712188184261
v 0.01712190918624 0.02144618704915 0.16972084343433
v 0.02379578910768 0.02353729680181 0.18413087725639
v 0.0285981092602 0.02594127692282 0.20015047490597
v 0.03125371038914 0.02866103686392 0.2175298333168
v 0.0315214805305 0.03169586509466 0.23598036170006
v 0.0291994009167 0.0350501164794 0.25517344474792
v 0.02413108944893 0.03871931508183 0.27475160360336
v 0.01620852015913 0.04270871728659 0.29432800412178
v 0.00537812011316 0.0470153875649 0.31350257992744
v -0.00835794955492 0.05163891613483 0.33185958862305
v -0.02493982948363 0.05657948553562 0.34898006916046
v -0.04424915090203 0.06183661520481 0.36445114016533
v -0.06610897183418 0.06740918010473 0.37787109613419
v -0.09028588980436 0.07329507917166 0.38886052370071
v -0.11649215966463 0.07949336618185 0.3970675766468
v -0.14439003169537 0.08600129932165 0.40217450261116
v -0.17359535396099 0.09281744807959 0.40390947461128
v -0.20368471741676 0.09993799775839 0.40204948186874
v -0.23420046269894 0.10736127942801 0.39642548561096
v -0.26465949416161 0.11508460342884 0.38692644238472
v -0.29456090927124 0.12310238927603 0.37350869178772
v -0.32339215278625 0.1314133554697 0.35619258880615
v -0.3506406545639 0.14001120626926 0.33506494760513
v -0.37580212950706 0.14889255166054 0.31028193235397
v -0.39838907122612 0.15805537998676 0.28206524252892
v -0.41793918609619 0.1674937158823 0.25070223212242
v -0.43402573466301 0.17720080912113 0.21654151380062
v -0.44626355171204 0.18717367947102 0.17998993396759
v -0.45431885123253 0.19740684330463 0.1415051817894
v -0.4579142332077 0.20789207518101 0.10158920288086
v -0.45683410763741 0.21862860023975 0.06078293174505
v -0.45093300938606 0.22960640490055 0.01965668983757
v -0.44013696908951 0.24081978201866 -0.02119971066713
v -0.42444413900375 0.25226393342018 -0.06118234992027
v -0.40393176674843 0.26393041014671 -0.09968663007021
v -0.37875217199326 0.27581390738487 -0.13611862063408
v -0.34913179278374 0.28790682554245 -0.16989770531654
v -0.31537184119225 0.30020189285278 -0.20047292113304
v -0.27784171700478 0.31269267201424 -0.2273290604353
v -0.23697532713413 0.32537111639976 -0.24999763071537
v -0.19326578080654 0.33823037147522 -0.26806142926216
v -0.14725734293461 0.3512627184391 -0.28116658329964
v -0.09953916072845 0.36445876955986 -0.28902649879456
v -0.05073377862573 0.37781289219856 -0.29142361879349
v -0.00149230996612 0.39131754636765 -0.2882191836834
v 0.04751934111118 0.4049619436264 -0.27935808897018
v 0.09562946110964 0.41874098777771 -0.26486024260521
v 0.14216935634613 0.43264415860176 -0.2448325753212
v 0.18648432195187 0.44666516780853 -0.21946117281914
v 0.22794522345066 0.46079474687576 -0.18901127576828
v 0.26595586538315 0.47502440214157 -0.15382342040539
v 0.29996418952942 0.48934721946716 -0.11431088298559
v 0.32946914434433 0.50375401973724 -0.07094997167587
v 0.3540290594101 0.5182369351387 -0.02427693083882
v 0.37326925992966 0.53278744220734 0.025122160092
v 0.38688588142395 0.54739797115326 0.07661797106266
v 0.39465436339378 0.56205981969833 0.1295493543148
v 0.39642754197121 0.57676553726196 0.18323014676571
v 0.39214208722115 0.5915065407753 0.23696215450764
v 0.38181868195534 0.6062747836113 0.29004308581352
v 0.36555814743042 0.6210629940033 0.34177687764168
v 0.34355148673058 0.63586318492889 0.3914889395237
v 0.31605553627014 0.65066802501678 0.43852382898331
v 0.28341141343117 0.66546976566315 0.48226591944695
v 0.24602636694908 0.68026125431061 0.52214431762695
v 0.20437416434288 0.69503509998322 0.55764311552048
v 0.1589812040329 0.70978462696075 0.58829772472382
v 0.11042544990778 0.72450244426727 0.61372077465057
v 0.05932588875294 0.73918181657791 0.63358283042908
v 0.00633060000837 0.75381702184677 0.64764016866684
v -0.04788595065475 0.7684012055397 0.65572166442871
v -0.10264106094837 0.78292846679688 0.65773439407349
v -0.15724344551563 0.79739224910736 0.65366607904434
v -0.21101175248623 0.81178832054138 0.64358568191528
v -0.2632771730423 0.82611018419266 0.62763750553131
v -0.31339618563652 0.84035325050354 0.60604125261307
v -0.36075705289841 0.85451173782349 0.57908540964127
v -0.40478706359863 0.86858212947845 0.54712808132172
v -0.44496017694473 0.88255953788757 0.51058465242386
v -0.48080685734749 0.89643973112106 0.46992346644402
v -0.51190978288651 0.9102196097374 0.42566448450088
v -0.53792154788971 0.92389494180679 0.37836274504662
v -0.55855458974838 0.93746238946915 0.32860934734344
v -0.57359367609024 0.95092022418976 0.27701556682587
v -0.58289235830307 0.96426492929459 0.2242122143507
v -0.58637630939484 0.97749435901642 0.1708342730999
v -0.58404147624969 0.99060720205307 0.11751984059811
v -0.57595020532608 1.00360119342804 0.06489714235067
v -0.56223529577255 1.01647520065308 0.01357948966324
v -0.54309242963791 1.0292284488678 -0.03584285080433
v -0.51877707242966 1.0418609380722 -0.0828058719635
v -0.48960041999817 1.05437195301056 -0.12678205966949
v -0.45592772960663 1.06676149368286 -0.16728483140469
v -0.41816741228104 1.07903015613556 -0.20386865735054
v -0.37677240371704 1.091179728508 -0.23614077270031
v -0.33222633600235 1.10321033000946 -0.26375639438629
v -0.28504526615143 1.11512398719788 -0.2864276766777
v -0.23576702177525 1.12692248821259 -0.30392155051231
v -0.18494622409344 1.1386091709137 -0.31606265902519
v -0.13314898312092 1.15018403530121 -0.3227322101593
v -0.08094704151154 1.16165351867676 -0.32387489080429
v -0.02891081012785 1.17301976680756 -0.31948429346085
v 0.02239526994526 1.18428421020508 -0.3096145093441
v 0.07241558283567 1.19545495510101 -0.29437744617462
v 0.12061309069395 1.20653522014618 -0.27393305301666
v 0.16646946966648 1.21752870082855 -0.24849300086498
v 0.20949096977711 1.22844135761261 -0.21831706166267
v 0.24921183288097 1.23927879333496 -0.18371100723743
v 0.2851993739605 1.25004684925079 -0.14502181112766
v 0.31705471873283 1.26075184345245 -0.10263524949551
v 0.34441757202148 1.27140057086945 -0.05697248876095
v 0.36696764826775 1.28200054168701 -0.00848856009543
v 0.41490495204926 1.28662216663361 0.02823943085968
v -0.09616436064243 0.02156050689518 0.15466302633286
v -0.09282145649195 0.02079464681447 0.14695182442665
v -0.08771777153015 0.02019693702459 0.13958585262299
v -0.08099336922169 0.01990492641926 0.13328886032104
v -0.07283075153828 0.01992096565664 0.12832933664322
v -0.06345223635435 0.02024616673589 0.12494634091854
v -0.05311622843146 0.02088083699346 0.12334401160479
v -0.04211068153381 0.02182652615011 0.12368769943714
v -0.03074838034809 0.02308704704046 0.12609888613224
v -0.01936011016369 0.02465875633061 0.1306526362896
v -0.00828822981566 0.02654405683279 0.13737395405769
v 0.00212095002644 0.02874382585287 0.14623661339283
v 0.01152431964874 0.03125609457493 0.15716440975666
v 0.01958915963769 0.03408028557897 0.17002919316292
v 0.02600011043251 0.03721841797233 0.18465274572372
v 0.03046751022339 0.04066713526845 0.20081159472466
v 0.0327321216464 0.04442538693547 0.21823880076408
v 0.03257257863879 0.04849197715521 0.23662818968296
v 0.02981046959758 0.05286367610097 0.25564187765121
v 0.02431491017342 0.05754001811147 0.27491194009781
v 0.01600619032979 0.06251760572195 0.29405218362808
v 0.00485883001238 0.06779350340366 0.31266209483147
v -0.00909637007862 0.07336558401585 0.33033636212349
v -0.0257713496685 0.07923074811697 0.34666866064072
v -0.04502214863896 0.08538361638784 0.36126711964607
v -0.06664884835482 0.09182300418615 0.37375330924988
v -0.09039802104235 0.09854276478291 0.3837770819664
v -0.11596871167421 0.10553969442844 0.39101848006248
v -0.14301319420338 0.11280919611454 0.39519914984703
v -0.17114396393299 0.12034626305103 0.39608523249626
v -0.19994221627712 0.12814511358738 0.3934933245182
v -0.22896023094654 0.13620235025883 0.38729363679886
v -0.25773167610168 0.14451189339161 0.37742108106613
v -0.28577965497971 0.15306754410267 0.36386656761169
v -0.31262350082397 0.16186518967152 0.34668478369713
v -0.33778834342957 0.17089632153511 0.32599714398384
v -0.3608136177063 0.18015559017658 0.30198481678963
v -0.38125944137573 0.18963779509068 0.27488985657692
v -0.3987181186676 0.19933570921421 0.24501250684261
v -0.41281706094742 0.20924182236195 0.21270723640919
v -0.42323166131973 0.21935053169727 0.17837637662888
v -0.42968583106995 0.2296554595232 0.14246554672718
v -0.43195974826813 0.24014714360237 0.10545635968447
v -0.42989549040794 0.25082102417946 0.06785798072815
v -0.42340129613876 0.26166757941246 0.03020218014717
v -0.41244834661484 0.27267995476723 -0.00696903001517
v -0.3970804810524 0.28385081887245 -0.0431094802916
v -0.37740758061409 0.29517325758934 -0.07767760753632
v -0.35360842943192 0.30663949251175 -0.11014659702778
v -0.32592689990997 0.31824040412903 -0.14001213014126
v -0.29466834664345 0.32996952533722 -0.16679997742176
v -0.26019895076752 0.34181886911392 -0.19007681310177
v -0.22293634712696 0.35377818346024 -0.20945376157761
v -0.18334585428238 0.36584544181824 -0.22459317743778
v -0.14193108677864 0.37800621986389 -0.23521754145622
v -0.09923075139523 0.39025673270226 -0.24111074209213
v -0.05580665916204 0.40258780121803 -0.24212339520454
v -0.01223810017109 0.41499212384224 -0.23817594349384
v 0.03088976070285 0.42746105790138 -0.22925901412964
v 0.07299242913723 0.43998864293098 -0.21543273329735
v 0.11349605768919 0.45256507396698 -0.19682988524437
v 0.15184445679188 0.46518406271935 -0.17365050315857
v 0.18750968575478 0.47783732414246 -0.14616070687771
v 0.21999852359295 0.49051812291145 -0.11468718200922
v 0.24885967373848 0.50321871042252 -0.07961551100016
v 0.27368998527527 0.51593255996704 -0.04138059914112
v 0.29414218664169 0.5286528468132 -0.0004636500089
v 0.30992665886879 0.54137140512466 0.04261774942279
v 0.32081854343414 0.55408257246017 0.08731459826231
v 0.32665914297104 0.56677949428558 0.13305588066578
v 0.32735586166382 0.57945549488068 0.17925718426704
v 0.32288807630539 0.59210515022278 0.22532758116722
v 0.31330281496048 0.60472118854523 0.27067989110947
v 0.29871547222137 0.61729854345322 0.31473782658577
v 0.2793056666851 0.6298314332962 0.35694047808647
v 0.25531682372093 0.64231449365616 0.39675772190094
v 0.22705078125 0.65474313497543 0.43368819355965
v 0.19486527144909 0.66711056232452 0.46727609634399
v 0.15916219353676 0.67941451072693 0.4971034526825
v 0.12039095163345 0.69164931774139 0.52280968427658
v 0.07903505861759 0.70381045341492 0.54408448934555
v 0.03560746088624 0.7158949971199 0.560675740242
v -0.00935699045658 0.72789889574051 0.5723911523819
v -0.05530681833625 0.73981809616089 0.57910394668579
v -0.10168342292309 0.75165092945099 0.58074730634689
v -0.14792789518833 0.76339375972748 0.5773161649704
v -0.19348621368408 0.77504426240921 0.56886810064316
v -0.23781844973564 0.7866005897522 0.55552232265472
v -0.28040364384651 0.79806083440781 0.53745228052139
v -0.32074588537216 0.80942302942276 0.51488596200943
v -0.35837903618813 0.82068711519241 0.48810419440269
v -0.39287528395653 0.83185118436813 0.45743218064308
v -0.42384266853333 0.84291529655457 0.42323836684227
v -0.45093646645546 0.85387915372849 0.3859269618988
v -0.47385597229004 0.86474323272705 0.3459324836731
v -0.49235078692436 0.87550735473633 0.3037169277668
v -0.50622004270554 0.88617318868637 0.25976458191872
v -0.51531690359116 0.89674139022827 0.21457107365131
v -0.51954412460327 0.9072140455246 0.16864490509033
v -0.51885879039764 0.91759270429611 0.12249670177698
v -0.5132691860199 0.92787975072861 0.07663743197918
v -0.50283390283585 0.9380778670311 0.03157075867057
v -0.48766389489174 0.94818961620331 -0.01220859028399
v -0.46791332960129 0.95821887254715 -0.05422208830714
v -0.44378530979156 0.96816921234131 -0.09401083737612
v -0.41552457213402 0.97804462909698 -0.13113847374916
v -0.3834156692028 0.98784917593002 -0.16519506275654
v -0.34778165817261 0.99758791923523 -0.19580039381981
v -0.30898043513298 1.0072660446167 -0.22260864078999
v -0.26739901304245 1.01688861846924 -0.2453069537878
v -0.22345477342606 1.02646160125732 -0.26362183690071
v -0.17758849263191 1.03599095344543 -0.27731919288635
v -0.13026188313961 1.04548263549805 -0.28620630502701
v -0.0819554105401 1.0549441576004 -0.29013425111771
v -0.03316304832697 1.06438171863556 -0.28899723291397
v 0.01561069022864 1.07380306720734 -0.28273573517799
v 0.06385424733162 1.0832154750824 -0.27133718132973
v 0.11105311661959 1.09262716770172 -0.25483614206314
v 0.15669228136539 1.10204648971558 -0.23331595957279
v 0.20026282966137 1.11148142814636 -0.20690533518791
v 0.2412628531456 1.12094104290009 -0.17578572034836
v 0.27920415997505 1.13043463230133 -0.14018355309963
v 0.3136146068573 1.13997006416321 -0.1003740504384
v 0.34404256939888 1.14955949783325 -0.05668117105961
v 0.37006407976151 1.15921020507812 -0.00947417970747
v 0.42055353522301 1.17601799964905 0.02686982043087
# 2018 vertices

o spiral.obj
usemtl default
f 1 129 2
f 2 129 130 3
f 3 130 131 4
f 4 131 132 5
f 5 132 133 6
f 6 133 134 7
f 7 134 135 8
f 8 135 136 9
f 9 136 137 10
f 10 137 138 11
f 11 138 139 12
f 12 139 140 13
f 13 140 141 14
f 14 141 142 15
f 15 142 143 16
f 16 143 144 17
f 17 144 145 18
f 18 145 146 19
f 19 146 147 20
f 20 147 148 21
f 21 148 149 22
f 22 149 150 23
f 23 150 151 24
f 24 151 152 25
f 25 152 153 26
f 26 153 154 27
f 27 154 155 28
f 28 155 156 29
f 29 156 157 30
f 30 157 158 31
f 31 158 159 32
f 32 159 160 33
f 33 160 161 34
f 34 161 162 35
f 35 162 163 36
f 36 163 164 37
f 37 164 165 38
f 38 165 166 39
f 39 166 167 40
f 40 167 168 41
f 41 168 169 42
f 42 169 170 43
f 43 170 171 44
f 44 171 172 45
f 45 172 173 46
f 46 173 174 47
f 47 174 175 48
f 48 175 176 49
f 49 176 177 50
f 50 177 178 51
f 51 178 179 52
f 52 179 180 53
f 53 180 181 54
f 54 181 182 55
f 55 182 183 56
f 56 183 184 57
f 57 184 185 58
f 58 185 186 59
f 59 186 187 60
f 60 187 188 61
f 61 188 189 62
f 62 189 190 63
f 63 190 191 64
f 64 191 192 65
f 65 192 193 66
f 66 193 194 67
f 67 194 195 68
f 68 195 196 69
f 69 196 197 70
f 70 197 198 71
f 71 198 199 72
f 72 199 200 73
f 73 200 201 74
f 74 201 202 75
f 75 202 203 76
f 76 203 204 77
f 77 204 205 78
f 78 205 206 79
f 79 206 207 80
f 80 207 208 81
f 81 208 209 82
f 82 209 210 83
f 83 210 211 84
f 84 211 212 85
f 85 212 213 86
f 86 213 214 87
f 87 214 215 88
f 88 215 216 89
f 89 216 217 90
f 90 217 218 91
f 91 218 219 92
f 92 219 220 93
f 93 220 221 94
f 94 221 222 95
f 95 222 223 96
f 96 223 224 97
f 97 224 225 98
f 98 225 226 99
f 99 226 227 100
f 100 227 228 101
f 101 228 229 102
f 102 229 230 103
f 103 230 231 104
f 104 231 232 105
f 105 232 233 106
f 106 233 234 107
f 107 234 235 108
f 108 235 236 109
f 109 236 237 110
f 110 237 238 111
f 111 238 239 112
f 112 239 240 113
f 113 240 241 114
f 114 241 242 115
f 115 242 243 116
f 116 243 244 117
f 117 244 245 118
f 118 245 246 119
f 119 246 247 120
f 120 247 248 121
f 121 248 249 122
f 122 249 250 123
f 123 250 251 124
f 124 251 252 125
f 125 252 253 126
f 126 253 254 127
f 127 254 128
f 1 255 129
f 129 255 256 130
f 130 256 257 131
f 131 257 258 132
f 132 258 259 133
f 133 259 260 134
f 134 260 261 135
f 135 261 262 136
f 136 262 263 137
f 137 263 264 138
f 138 264 265 139
f 139 265 266 140
f 140 266 267 141
f 141 267 268 142
f 142 268 269 143
f 143 269 270 144
f 144 270 271 145
f 145 271 272 146
f 146 272 273 147
f 147 273 274 148
f 148 274 275 149
f 149 275 276 150
f 150 276 277 151
f 151 277 278 152
f 152 278 279 153
f 153 279 280 154
f 154 280 281 155
f 155 281 282 156
f 156 282 283 157
f 157 283 284 158
f 158 284 285 159
f 159 285 286 160
f 160 286 287 161
f 161 287 288 162
f 162 288 289 163
f 163 289 290 164
f 164 290 291 165
f 165 291 292 166
f 166 292 293 167
f 167 293 294 168
f 168 294 295 169
f 169 295 296 170
f 170 296 297 171
f 171 297 298 172
f 172 298 299 173
f 173 299 300 174
f 174 300 301 175
f 175 301 302 176
f 176 302 303 177
f 177 303 304 178
f 178 304 305 179
f 179 305 306 180
f 180 306 307 181
f 181 307 308 182
f 182 308 309 183
f 183 309 310 184
f 184 310 311 185
f 185 311 312 186
f 186 312 313 187
f 187 313 314 188
f 188 314 315 189
f 189 315 316 190
f 190 316 317 191
f 191 317 318 192
f 192 318 319 193
f 193 319 320 194
f 194 320 321 195
f 195 321 322 196
f 196 322 323 197
f 197 323 324 198
f 198 324 325 199
f 199 325 326 200
f 200 326 327 201
f 201 327 328 202
f 202 328 329 203
f 203 329 330 204
f 204 330 331 205
f 205 331 332 206
f 206 332 333 207
f 207 333 334 208
f 208 334 335 209
f 209 335 336 210
f 210 336 337 211
f 211 337 338 212
f 212 338 339 213
f 213 339 340 214
f 214 340 341 215
f 215 341 342 216
f 216 342 343 217
f 217 343 344 218
f 218 344 345 219
f 219 345 346 220
f 220 346 347 221
f 221 347 348 222
f 222 348 349 223
f 223 349 350 224
f 224 350 351 225
f 225 351 352 226
f 226 352 353 227
f 227 353 354 228
f 228 354 355 229
f 229 355 356 230
f 230 356 357 231
f 231 357 358 232
f 232 358 359 233
f 233 359 360 234
f 234 360 361 235
f 235 361 362 236
f 236 362 363 237
f 237 363 364 238
f 238 364 365 239
f 239 365 366 240
f 240 366 367 241
f 241 367 368 242
f 242 368 369 243
f 243 369 370 244
f 244 370 371 245
f 245 371 372 246
f 246 372 373 247
f 247 373 374 248
f 248 374 375 249
f 249 375 376 250
f 250 376 377 251
f 251 377 378 252
f 252 378 379 253
f 253 379 380 254
f 254 380 128
f 1 381 255
f 255 381 382 256
f 256 382 383 257
f 257 383 384 258
f 258 384 385 259
f 259 385 386 260
f 260 386 387 261
f 261 387 388 262
f 262 388 389 263
f 263 389 390 264
f 264 390 391 265
f 265 391 392 266
f 266 392 393 267
f 267 393 394 268
f 268 394 395 269
f 269 395 396 270
f 270 396 397 271
f 271 397 398 272
f 272 398 399 273
f 273 399 400 274
f 274 400 401 275
f 275 401 402 276
f 276 402 403 277
f 277 403 404 278
f 278 404 405 279
f 279 405 406 280
f 280 406 407 281
f 281 407 408 282
f 282 408 409 283
f 283 409 410 284
f 284 410 411 285
f 285 411 412 286
f 286 412 413 287
f 287 413 414 288
f 288 414 415 289
f 289 415 416 290
f 290 416 417 291
f 291 417 418 292
f 292 418 419 293
f 293 419 420 294
f 294 420 421 295
f 295 421 422 296
f 296 422 423 297
f 297 423 424 298
f 298 424 425 299
f 299 425 426 300
f 300 426 427 301
f 301 427 428 302
f 302 428 429 303
f 303 429 430 304
f 304 430 431 305
f 305 431 432 306
f 306 432 433 307
f 307 433 434 308
f 308 434 435 309
f 309 435 436 310
f 310 436 437 311
f 311 437 438 312
f 312 438 439 313
f 313 439 440 314
f 314 440 441 315
f 315 441 442 316
f 316 442 443 317
f 317 443 444 318
f 318 444 445 319
f 319 445 446 320
f 320 446 447 321
f 321 447 448 322
f 322 448 449 323
f 323 449 450 324
f 324 450 451 325
f 325 451 452 326
f 326 452 453 327
f 327 453 454 328
f 328 454 455 329
f 329 455 456 330
f 330 456 457 331
f 331 457 458 332
f 332 458 459 333
f 333 459 460 334
f 334 460 461 335
f 335 461 462 336
f 336 462 463 337
f 337 463 464 338
f 338 464 465 339
f 339 465 466 340
f 340 466 467 341
f 341 467 468 342
f 342 468 469 343
f 343 469 470 344
f 344 470 471 345
f 345 471 472 346
f 346 472 473 347
f 347 473 474 348
f 348 474 475 349
f 349 475 476 350
f 350 476 477 351
f 351 477 478 352
f 352 478 479 353
f 353 479 480 354
f 354 480 481 355
f 355 481 482 356
f 356 482 483 357
f 357 483 484 358
f 358 484 485 359
f 359 485 486 360
f 360 486 487 361
f 361 487 488 362
f 362 488 489 363
f 363 489 490 364
f 364 490 491 365
f 365 491 492 366
f 366 492 493 367
f 367 493 494 368
f 368 494 495 369
f 369 495 496 370
f 370 496 497 371
f 371 497 498 372
f 372 498 499 373
f 373 499 500 374
f 374 500 501 375
f 375 501 502 376
f 376 502 503 377
f 377 503 504 378
f 378 504 505 379
f 379 505 506 380
f 380 506 128
f 1 507 381
f 381 507 508 382
f 382 508 509 383
f 383 509 510 384
f 384 510 511 385
f 385 511 512 386
f 386 512 513 387
f 387 513 514 388
f 388 514 515 389
f 389 515 516 390
f 390 516 517 391
f 391 517 518 392
f 392 518 519 393
f 393 519 520 394
f 394 520 521 395
f 395 521 522 396
f 396 522 523 397
f 397 523 524 398
f 398 524 525 399
f 399 525 526 400
f 400 526 527 401
f 401 527 528 402
f 402 528 529 403
f 403 529 530 404
f 404 530 531 405
f 405 531 532 406
f 406 532 533 407
f 407 533 534 408
f 408 534 535 409
f 409 535 536 410
f 410 536 537 411
f 411 537 538 412
f 412 538 539 413
f 413 539 540 414
f 414 540 541 415
f 415 541 542 416
f 416 542 543 417
f 417 543 544 418
f 418 544 545 419
f 419 545 546 420
f 420 546 547 421
f 421 547 548 422
f 422 548 549 423
f 423 549 550 424
f 424 550 551 425
f 425 551 552 426
f 426 552 553 427
f 427 553 554 428
f 428 554 555 429
f 429 555 556 430
f 430 556 557 431
f 431 557 558 432
f 432 558 559 433
f 433 559 560 434
f 434 560 561 435
f 435 561 562 436
f 436 562 563 437
f 437 563 564 438
f 438 564 565 439
f 439 565 566 440
f 440 566 567 441
f 441 567 568 442
f 442 568 569 443
f 443 569 570 444
f 444 570 571 445
f 445 571 572 446
f 446 572 573 447
f 447 573 574 448
f 448 574 575 449
f 449 575 576 450
f 450 576 577 451
f 451 577 578 452
f 452 578 579 453
f 453 579 580 454
f 454 580 581 455
f 455 581 582 456
f 456 582 583 457
f 457 583 584 458
f 458 584 585 459
f 459 585 586 460
f 460 586 587 461
f 461 587 588 462
f 462 588 589 463
f 463 589 590 464
f 464 590 591 465
f 465 591 592 466
f 466 592 593 467
f 467 593 594 468
f 468 594 595 469
f 469 595 596 470
f 470 596 597 471
f 471 597 598 472
f 472 598 599 473
f 473 599 600 474
f 474 600 601 475
f 475 601 602 476
f 476 602 603 477
f 477 603 604 478
f 478 604 605 479
f 479 605 606 480
f 480 606 607 481
f 481 607 608 482
f 482 608 609 483
f 483 609 610 484
f 484 610 611 485
f 485 611 612 486
f 486 612 613 487
f 487 613 614 488
f 488 614 615 489
f 489 615 616 490
f 490 616 617 491
f 491 617 618 492
f 492 618 619 493
f 493 619 620 494
f 494 620 621 495
f 495 621 622 496
f 496 622 623 497
f 497 623 624 498
f 498 624 625 499
f 499 625 626 500
f 500 626 627 501
f 501 627 628 502
f 502 628 629 503
f 503 629 630 504
f 504 630 631 505
f 505 631 632 506
f 506 632 128
f 1 633 507
f 507 633 634 508
f 508 634 635 509
f 509 635 636 510
f 510 636 637 511
f 511 637 638 512
f 512 638 639 513
f 513 639 640 514
f 514 640 641 515
f 515 641 642 516
f 516 642 643 517
f 517 643 644 518
f 518 644 645 519
f 519 645 646 520
f 520 646 647 521
f 521 647 648 522
f 522 648 649 523
f 523 649 650 524
f 524 650 651 525
f 525 651 652 526
f 526 652 653 527
f 527 653 654 528
f 528 654 655 529
f 529 655 656 530
f 530 656 657 531
f 531 657 658 532
f 532 658 659 533
f 533 659 660 534
f 534 660 661 535
f 535 661 662 536
f 536 662 663 537
f 537 663 664 538
f 538 664 665 539
f 539 665 666 540
f 540 666 667 541
f 541 667 668 542
f 542 668 669 543
f 543 669 670 544
f 544 670 671 545
f 545 671 672 546
f 546 672 673 547
f 547 673 674 548
f 548 674 675 549
f 549 675 676 550
f 550 676 677 551
f 551 677 678 552
f 552 678 679 553
f 553 679 680 554
f 554 680 681 555
f 555 681 682 556
f 556 682 683 557
f 557 683 684 558
f 558 684 685 559
f 559 685 686 560
f 560 686 687 561
f 561 687 688 562
f 562 688 689 563
f 563 689 690 564
f 564 690 691 565
f 565 691 692 566
f 566 692 693 567
f 567 693 694 568
f 568 694 695 569
f 569 695 696 570
f 570 696 697 571
f 571 697 698 572
f 572 698 699 573
f 573 699 700 574
f 574 700 701 575
f 575 701 702 576
f 576 702 703 577
f 577 703 704 578
f 578 704 705 579
f 579 705 706 580
f 580 706 707 581
f 581 707 708 582
f 582 708 709 583
f 583 709 710 584
f 584 710 711 585
f 585 711 712 586
f 586 712 713 587
f 587 713 714 588
f 588 714 715 589
f 589 715 716 590
f 590 716 717 591
f 591 717 718 592
f 592 718 719 593
f 593 719 720 594
f 594 720 721 595
f 595 721 722 596
f 596 722 723 597
f 597 723 724 598
f 598 724 725 599
f 599 725 726 600
f 600 726 727 601
f 601 727 728 602
f 602 728 729 603
f 603 729 730 604
f 604 730 731 605
f 605 731 732 606
f 606 732 733 607
f 607 733 734 608
f 608 734 735 609
f 609 735 736 610
f 610 736 737 611
f 611 737 738 612
f 612 738 739 613
f 613 739 740 614
f 614 740 741 615
f 615 741 742 616
f 616 742 743 617
f 617 743 744 618
f 618 744 745 619
f 619 745 746 620
f 620 746 747 621
f 621 747 748 622
f 622 748 749 623
f 623 749 750 624
f 624 750 751 625
f 625 751 752 626
f 626 752 753 627
f 627 753 754 628
f 628 754 755 629
f 629 755 756 630
f 630 756 757 631
f 631 757 758 632
f 632 758 128
f 1 759 633
f 633 759 760 634
f 634 760 761 635
f 635 761 762 636
f 636 762 763 637
f 637 763 764 638
f 638 764 765 639
f 639 765 766 640
f 640 766 767 641
f 641 767 768 642
f 642 768 769 643
f 643 769 770 644
f 644 770 771 645
f 645 771 772 646
f 646 772 773 647
f 647 773 774 648
f 648 774 775 649
f 649 775 776 650
f 650 776 777 651
f 651 777 778 652
f 652 778 779 653
f 653 779 780 654
f 654 780 781 655
f 655 781 782 656
f 656 782 783 657
f 657 783 784 658
f 658 784 785 659
f 659 785 786 660
f 660 786 787 661
f 661 787 788 662
f 662 788 789 663
f 663 789 790 664
f 664 790 791 665
f 665 791 792 666
f 666 792 793 667
f 667 793 794 668
f 668 794 795 669
f 669 795 796 670
f 670 796 797 671
f 671 797 798 672
f 672 798 799 673
f 673 799 800 674
f 674 800 801 675
f 675 801 802 676
f 676 802 803 677
f 677 803 804 678
f 678 804 805 679
f 679 805 806 680
f 680 806 807 681
f 681 807 808 682
f 682 808 809 683
f 683 809 810 684
f 684 810 811 685
f 685 811 812 686
f 686 812 813 687
f 687 813 814 688
f 688 814 815 689
f 689 815 816 690
f 690 816 817 691
f 691 817 818 692
f 692 818 819 693
f 693 819 820 694
f 694 820 821 695
f 695 821 822 696
f 696 822 823 697
f 697 823 824 698
f 698 824 825 699
f 699 825 826 700
f 700 826 827 701
f 701 827 828 702
f 702 828 829 703
f 703 829 830 704
f 704 830 831 705
f 705 831 832 706
f 706 832 833 707
f 707 833 834 708
f 708 834 835 709
f 709 835 836 710
f 710 836 837 711
f 711 837 838 712
f 712 838 839 713
f 713 839 840 714
f 714 840 841 715
f 715 841 842 716
f 716 842 843 717
f 717 843 844 718
f 718 844 845 719
f 719 845 846 720
f 720 846 847 721
f 721 847 848 722
f 722 848 849 723
f 723 849 850 724
f 724 850 851 725
f 725 851 852 726
f 726 852 853 727
f 727 853 854 728
f 728 854 855 729
f 729 855 856 730
f 730 856 857 731
f 731 857 858 732
f 732 858 859 733
f 733 859 860 734
f 734 860 861 735
f 735 861 862 736
f 736 862 863 737
f 737 863 864 738
f 738 864 865 739
f 739 865 866 740
f 740 866 867 741
f 741 867 868 742
f 742 868 869 743
f 743 869 870 744
f 744 870 871 745
f 745 871 872 746
f 746 872 873 747
f 747 873 874 748
f 748 874 875 749
f 749 875 876 750
f 750 876 877 751
f 751 877 878 752
f 752 878 879 753
f 753 879 880 754
f 754 880 881 755
f 755 881 882 756
f 756 882 883 757
f 757 883 884 758
f 758 884 128
f 1 885 759
f 759 885 886 760
f 760 886 887 761
f 761 887 888 762
f 762 888 889 763
f 763 889 890 764
f 764 890 891 765
f 765 891 892 766
f 766 892 893 767
f 767 893 894 768
f 768 894 895 769
f 769 895 896 770
f 770 896 897 771
f 771 897 898 772
f 772 898 899 773
f 773 899 900 774
f 774 900 901 775
f 775 901 902 776
f 776 902 903 777
f 777 903 904 778
f 778 904 905 779
f 779 905 906 780
f 780 906 907 781
f 781 907 908 782
f 782 908 909 783
f 783 909 910 784
f 784 910 911 785
f 785 911 912 786
f 786 912 913 787
f 787 913 914 788
f 788 914 915 789
f 789 915 916 790
f 790 916 917 791
f 791 917 918 792
f 792 918 919 793
f 793 919 920 794
f 794 920 921 795
f 795 921 922 796
f 796 922 923 797
f 797 923 924 798
f 798 924 925 799
f 799 925 926 800
f 800 926 927 801
f 801 927 928 802
f 802 928 929 803
f 803 929 930 804
f 804 930 931 805
f 805 931 932 806
f 806 932 933 807
f 807 933 934 808
f 808 934 935 809
f 809 935 936 810
f 810 936 937 811
f 811 937 938 812
f 812 938 939 813
f 813 939 940 814
f 814 940 941 815
f 815 941 942 816
f 816 942 943 817
f 817 943 944 818
f 818 944 945 819
f 819 945 946 820
f 820 946 947 821
f 821 947 948 822
f 822 948 949 823
f 823 949 950 824
f 824 950 951 825
f 825 951 952 826
f 826 952 953 827
f 827 953 954 828
f 828 954 955 829
f 829 955 956 830
f 830 956 957 831
f 831 957 958 832
f 832 958 959 833
f 833 959 960 834
f 834 960 961 835
f 835 961 962 836
f 836 962 963 837
f 837 963 964 838
f 838 964 965 839
f 839 965 966 840
f 840 966 967 841
f 841 967 968 842
f 842 968 969 843
f 843 969 970 844
f 844 970 971 845
f 845 971 972 846
f 846 972 973 847
f 847 973 974 848
f 848 974 975 849
f 849 975 976 850
f 850 976 977 851
f 851 977 978 852
f 852 978 979 853
f 853 979 980 854
f 854 980 981 855
f 855 981 982 856
f 856 982 983 857
f 857 983 984 858
f 858 984 985 859
f 859 985 986 860
f 860 986 987 861
f 861 987 988 862
f 862 988 989 863
f 863 989 990 864
f 864 990 991 865
f 865 991 992 866
f 866 992 993 867
f 867 993 994 868
f 868 994 995 869
f 869 995 996 870
f 870 996 997 871
f 871 997 998 872
f 872 998 999 873
f 873 999 1000 874
f 874 1000 1001 875
f 875 1001 1002 876
f 876 1002 1003 877
f 877 1003 1004 878
f 878 1004 1005 879
f 879 1005 1006 880
f 880 1006 1007 881
f 881 1007 1008 882
f 882 1008 1009 883
f 883 1009 1010 884
f 884 1010 128
f 1 1011 885
f 885 1011 1012 886
f 886 1012 1013 887
f 887 1013 1014 888
f 888 1014 1015 889
f 889 1015 1016 890
f 890 1016 1017 891
f 891 1017 1018 892
f 892 1018 1019 893
f 893 1019 1020 894
f 894 1020 1021 895
f 895 1021 1022 896
f 896 1022 1023 897
f 897 1023 1024 898
f 898 1024 1025 899
f 899 1025 1026 900
f 900 1026 1027 901
f 901 1027 1028 902
f 902 1028 1029 903
f 903 1029 1030 904
f 904 1030 1031 905
f 905 1031 1032 906
f 906 1032 1033 907
f 907 1033 1034 908
f 908 1034 1035 909
f 909 1035 1036 910
f 910 1036 1037 911
f 911 1037 1038 912
f 912 1038 1039 913
f 913 1039 1040 914
f 914 1040 1041 915
f 915 1041 1042 916
f 916 1042 1043 917
f 917 1043 1044 918
f 918 1044 1045 919
f 919 1045 1046 920
f 920 1046 1047 921
f 921 1047 1048 922
f 922 1048 1049 923
f 923 1049 1050 924
f 924 1050 1051 925
f 925 1051 1052 926
f 926 1052 1053 927
f 927 1053 1054 928
f 928 1054 1055 929
f 929 1055 1056 930
f 930 1056 1057 931
f 931 1057 1058 932
f 932 1058 1059 933
f 933 1059 1060 934
f 934 1060 1061 935
f 935 1061 1062 936
f 936 1062 1063 937
f 937 1063 1064 938
f 938 1064 1065 939
f 939 1065 1066 940
f 940 1066 1067 941
f 941 1067 1068 942
f 942 1068 1069 943
f 943 1069 1070 944
f 944 1070 1071 945
f 945 1071 1072 946
f 946 1072 1073 947
f 947 1073 1074 948
f 948 1074 1075 949
f 949 1075 1076 950
f 950 1076 1077 951
f 951 1077 1078 952
f 952 1078 1079 953
f 953 1079 1080 954
f 954 1080 1081 955
f 955 1081 1082 956
f 956 1082 1083 957
f 957 1083 1084 958
f 958 1084 1085 959
f 959 1085 1086 960
f 960 1086 1087 961
f 961 1087 1088 962
f 962 1088 1089 963
f 963 1089 1090 964
f 964 1090 1091 965
f 965 1091 1092 966
f 966 1092 1093 967
f 967 1093 1094 968
f 968 1094 1095 969
f 969 1095 1096 970
f 970 1096 1097 971
f 971 1097 1098 972
f 972 1098 1099 973
f 973 1099 1100 974
f 974 1100 1101 975
f 975 1101 1102 976
f 976 1102 1103 977
f 977 1103 1104 978
f 978 1104 1105 979
f 979 1105 1106 980
f 980 1106 1107 981
f 981 1107 1108 982
f 982 1108 1109 983
f 983 1109 1110 984
f 984 1110 1111 985
f 985 1111 1112 986
f 986 1112 1113 987
f 987 1113 1114 988
f 988 1114 1115 989
f 989 1115 1116 990
f 990 1116 1117 991
f 991 1117 1118 992
f 992 1118 1119 993
f 993 1119 1120 994
f 994 1120 1121 995
f 995 1121 1122 996
f 996 1122 1123 997
f 997 1123 1124 998
f 998 1124 1125 999
f 999 1125 1126 1000
f 1000 1126 1127 1001
f 1001 1127 1128 1002
f 1002 1128 1129 1003
f 1003 1129 1130 1004
f 1004 1130 1131 1005
f 1005 1131 1132 1006
f 1006 1132 1133 1007
f 1007 1133 1134 1008
f 1008 1134 1135 1009
f 1009 1135 1136 1010
f 1010 1136 128
f 1 1137 1011
f 1011 1137 1138 1012
f 1012 1138 1139 1013
f 1013 1139 1140 1014
f 1014 1140 1141 1015
f 1015 1141 1142 1016
f 1016 1142 1143 1017
f 1017 1143 1144 1018
f 1018 1144 1145 1019
f 1019 1145 1146 1020
f 1020 1146 1147 1021
f 1021 1147 1148 1022
f 1022 1148 1149 1023
f 1023 1149 1150 1024
f 1024 1150 1151 1025
f 1025 1151 1152 1026
f 1026 1152 1153 1027
f 1027 1153 1154 1028
f 1028 1154 1155 1029
f 1029 1155 1156 1030
f 1030 1156 1157 1031
f 1031 1157 1158 1032
f 1032 1158 1159 1033
f 1033 1159 1160 1034
f 1034 1160 1161 1035
f 1035 1161 1162 1036
f 1036 1162 1163 1037
f 1037 1163 1164 1038
f 1038 1164 1165 1039
f 1039 1165 1166 1040
f 1040 1166 1167 1041
f 1041 1167 1168 1042
f 1042 1168 1169 1043
f 1043 1169 1170 1044
f 1044 1170 1171 1045
f 1045 1171 1172 1046
f 1046 1172 1173 1047
f 1047 1173 1174 1048
f 1048 1174 1175 1049
f 1049 1175 1176 1050
f 1050 1176 1177 1051
f 1051 1177 1178 1052
f 1052 1178 1179 1053
f 1053 1179 1180 1054
f 1054 1180 1181 1055
f 1055 1181 1182 1056
f 1056 1182 1183 1057
f 1057 1183 1184 1058
f 1058 1184 1185 1059
f 1059 1185 1186 1060
f 1060 1186 1187 1061
f 1061 1187 1188 1062
f 1062 1188 1189 1063
f 1063 1189 1190 1064
f 1064 1190 1191 1065
f 1065 1191 1192 1066
f 1066 1192 1193 1067
f 1067 1193 1194 1068
f 1068 1194 1195 1069
f 1069 1195 1196 1070
f 1070 1196 1197 1071
f 1071 1197 1198 1072
f 1072 1198 1199 1073
f 1073 1199 1200 1074
f 1074 1200 1201 1075
f 1075 1201 1202 1076
f 1076 1202 1203 1077
f 1077 1203 1204 1078
f 1078 1204 1205 1079
f 1079 1205 1206 1080
f 1080 1206 1207 1081
f 1081 1207 1208 1082
f 1082 1208 1209 1083
f 1083 1209 1210 1084
f 1084 1210 1211 1085
f 1085 1211 1212 1086
f 1086 1212 1213 1087
f 1087 1213 1214 1088
f 1088 1214 1215 1089
f 1089 1215 1216 1090
f 1090 1216 1217 1091
f 1091 1217 1218 1092
f 1092 1218 1219 1093
f 1093 1219 1220 1094
f 1094 1220 1221 1095
f 1095 1221 1222 1096
f 1096 1222 1223 1097
f 1097 1223 1224 1098
f 1098 1224 1225 1099
f 1099 1225 1226 1100
f 1100 1226 1227 1101
f 1101 1227 1228 1102
f 1102 1228 1229 1103
f 1103 1229 1230 1104
f 1104 1230 1231 1105
f 1105 1231 1232 1106
f 1106 1232 1233 1107
f 1107 1233 1234 1108
f 1108 1234 1235 1109
f 1109 1235 1236 1110
f 1110 1236 1237 1111
f 1111 1237 1238 1112
f 1112 1238 1239 1113
f 1113 1239 1240 1114
f 1114 1240 1241 1115
f 1115 1241 1242 1116
f 1116 1242 1243 1117
f 1117 1243 1244 1118
f 1118 1244 1245 1119
f 1119 1245 1246 1120
f 1120 1246 1247 1121
f 1121 1247 1248 1122
f 1122 1248 1249 1123
f 1123 1249 1250 1124
f 1124 1250 1251 1125
f 1125 1251 1252 1126
f 1126 1252 1253 1127
f 1127 1253 1254 1128
f 1128 1254 1255 1129
f 1129 1255 1256 1130
f 1130 1256 1257 1131
f 1131 1257 1258 1132
f 1132 1258 1259 1133
f 1133 1259 1260 1134
f 1134 1260 1261 1135
f 1135 1261 1262 1136
f 1136 1262 128
f 1 1263 1137
f 1137 1263 1264 1138
f 1138 1264 1265 1139
f 1139 1265 1266 1140
f 1140 1266 1267 1141
f 1141 1267 1268 1142
f 1142 1268 1269 1143
f 1143 1269 1270 1144
f 1144 1270 1271 1145
f 1145 1271 1272 1146
f 1146 1272 1273 1147
f 1147 1273 1274 1148
f 1148 1274 1275 1149
f 1149 1275 1276 1150
f 1150 1276 1277 1151
f 1151 1277 1278 1152
f 1152 1278 1279 1153
f 1153 1279 1280 1154
f 1154 1280 1281 1155
f 1155 1281 1282 1156
f 1156 1282 1283 1157
f 1157 1283 1284 1158
f 1158 1284 1285 1159
f 1159 1285 1286 1160
f 1160 1286 1287 1161
f 1161 1287 1288 1162
f 1162 1288 1289 1163
f 1163 1289 1290 1164
f 1164 1290 1291 1165
f 1165 1291 1292 1166
f 1166 1292 1293 1167
f 1167 1293 1294 1168
f 1168 1294 1295 1169
f 1169 1295 1296 1170
f 1170 1296 1297 1171
f 1171 1297 1298 1172
f 1172 1298 1299 1173
f 1173 1299 1300 1174
f 1174 1300 1301 1175
f 1175 1301 1302 1176
f 1176 1302 1303 1177
f 1177 1303 1304 1178
f 1178 1304 1305 1179
f 1179 1305 1306 1180
f 1180 1306 1307 1181
f 1181 1307 1308 1182
f 1182 1308 1309 1183
f 1183 1309 1310 1184
f 1184 1310 1311 1185
f 1185 1311 1312 1186
f 1186 1312 1313 1187
f 1187 1313 1314 1188
f 1188 1314 1315 1189
f 1189 1315 1316 1190
f 1190 1316 1317 1191
f 1191 1317 1318 1192
f 1192 1318 1319 1193
f 1193 1319 1320 1194
f 1194 1320 1321 1195
f 1195 1321 1322 1196
f 1196 1322 1323 1197
f 1197 1323 1324 1198
f 1198 1324 1325 1199
f 1199 1325 1326 1200
f 1200 1326 1327 1201
f 1201 1327 1328 1202
f 1202 1328 1329 1203
f 1203 1329 1330 1204
f 1204 1330 1331 1205
f 1205 1331 1332 1206
f 1206 1332 1333 1207
f 1207 1333 1334 1208
f 1208 1334 1335 1209
f 1209 1335 1336 1210
f 1210 1336 1337 1211
f 1211 1337 1338 1212
f 1212 1338 1339 1213
f 1213 1339 1340 1214
f 1214 1340 1341 1215
f 1215 1341 1342 1216
f 1216 1342 1343 1217
f 1217 1343 1344 1218
f 1218 1344 1345 1219
f 1219 1345 1346 1220
f 1220 1346 1347 1221
f 1221 1347 1348 1222
f 1222 1348 1349 1223
f 1223 1349 1350 1224
f 1224 1350 1351 1225
f 1225 1351 1352 1226
f 1226 1352 1353 1227
f 1227 1353 1354 1228
f 1228 1354 1355 1229
f 1229 1355 1356 1230
f 1230 1356 1357 1231
f 1231 1357 1358 1232
f 1232 1358 1359 1233
f 1233 1359 1360 1234
f 1234 1360 1361 1235
f 1235 1361 1362 1236
f 1236 1362 1363 1237
f 1237 1363 1364 1238
f 1238 1364 1365 1239
f 1239 1365 1366 1240
f 1240 1366 1367 1241
f 1241 1367 1368 1242
f 1242 1368 1369 1243
f 1243 1369 1370 1244
f 1244 1370 1371 1245
f 1245 1371 1372 1246
f 1246 1372 1373 1247
f 1247 1373 1374 1248
f 1248 1374 1375 1249
f 1249 1375 1376 1250
f 1250 1376 1377 1251
f 1251 1377 1378 1252
f 1252 1378 1379 1253
f 1253 1379 1380 1254
f 1254 1380 1381 1255
f 1255 1381 1382 1256
f 1256 1382 1383 1257
f 1257 1383 1384 1258
f 1258 1384 1385 1259
f 1259 1385 1386 1260
f 1260 1386 1387 1261
f 1261 1387 1388 1262
f 1262 1388 128
f 1 1389 1263
f 1263 1389 1390 1264
f 1264 1390 1391 1265
f 1265 1391 1392 1266
f 1266 1392 1393 1267
f 1267 1393 1394 1268
f 1268 1394 1395 1269
f 1269 1395 1396 1270
f 1270 1396 1397 1271
f 1271 1397 1398 1272
f 1272 1398 1399 1273
f 1273 1399 1400 1274
f 1274 1400 1401 1275
f 1275 1401 1402 1276
f 1276 1402 1403 1277
f 1277 1403 1404 1278
f 1278 1404 1405 1279
f 1279 1405 1406 1280
f 1280 1406 1407 1281
f 1281 1407 1408 1282
f 1282 1408 1409 1283
f 1283 1409 1410 1284
f 1284 1410 1411 1285
f 1285 1411 1412 1286
f 1286 1412 1413 1287
f 1287 1413 1414 1288
f 1288 1414 1415 1289
f 1289 1415 1416 1290
f 1290 1416 1417 1291
f 1291 1417 1418 1292
f 1292 1418 1419 1293
f 1293 1419 1420 1294
f 1294 1420 1421 1295
f 1295 1421 1422 1296
f 1296 1422 1423 1297
f 1297 1423 1424 1298
f 1298 1424 1425 1299
f 1299 1425 1426 1300
f 1300 1426 1427 1301
f 1301 1427 1428 1302
f 1302 1428 1429 1303
f 1303 1429 1430 1304
f 1304 1430 1431 1305
f 1305 1431 1432 1306
f 1306 1432 1433 1307
f 1307 1433 1434 1308
f 1308 1434 1435 1309
f 1309 1435 1436 1310
f 1310 1436 1437 1311
f 1311 1437 1438 1312
f 1312 1438 1439 1313
f 1313 1439 1440 1314
f 1314 1440 1441 1315
f 1315 1441 1442 1316
f 1316 1442 1443 1317
f 1317 1443 1444 1318
f 1318 1444 1445 1319
f 1319 1445 1446 1320
f 1320 1446 1447 1321
f 1321 1447 1448 1322
f 1322 1448 1449 1323
f 1323 1449 1450 1324
f 1324 1450 1451 1325
f 1325 1451 1452 1326
f 1326 1452 1453 1327
f 1327 1453 1454 1328
f 1328 1454 1455 1329
f 1329 1455 1456 1330
f 1330 1456 1457 1331
f 1331 1457 1458 1332
f 1332 1458 1459 1333
f 1333 1459 1460 1334
f 1334 1460 1461 1335
f 1335 1461 1462 1336
f 1336 1462 1463 1337
f 1337 1463 1464 1338
f 1338 1464 1465 1339
f 1339 1465 1466 1340
f 1340 1466 1467 1341
f 1341 1467 1468 1342
f 1342 1468 1469 1343
f 1343 1469 1470 1344
f 1344 1470 1471 1345
f 1345 1471 1472 1346
f 1346 1472 1473 1347
f 1347 1473 1474 1348
f 1348 1474 1475 1349
f 1349 1475 1476 1350
f 1350 1476 1477 1351
f 1351 1477 1478 1352
f 1352 1478 1479 1353
f 1353 1479 1480 1354
f 1354 1480 1481 1355
f 1355 1481 1482 1356
f 1356 1482 1483 1357
f 1357 1483 1484 1358
f 1358 1484 1485 1359
f 1359 1485 1486 1360
f 1360 1486 1487 1361
f 1361 1487 1488 1362
f 1362 1488 1489 1363
f 1363 1489 1490 1364
f 1364 1490 1491 1365
f 1365 1491 1492 1366
f 1366 1492 1493 1367
f 1367 1493 1494 1368
f 1368 1494 1495 1369
f 1369 1495 1496 1370
f 1370 1496 1497 1371
f 1371 1497 1498 1372
f 1372 1498 1499 1373
f 1373 1499 1500 1374
f 1374 1500 1501 1375
f 1375 1501 1502 1376
f 1376 1502 1503 1377
f 1377 1503 1504 1378
f 1378 1504 1505 1379
f 1379 1505 1506 1380
f 1380 1506 1507 1381
f 1381 1507 1508 1382
f 1382 1508 1509 1383
f 1383 1509 1510 1384
f 1384 1510 1511 1385
f 1385 1511 1512 1386
f 1386 1512 1513 1387
f 1387 1513 1514 1388
f 1388 1514 128
f 1 1515 1389
f 1389 1515 1516 1390
f 1390 1516 1517 1391
f 1391 1517 1518 1392
f 1392 1518 1519 1393
f 1393 1519 1520 1394
f 1394 1520 1521 1395
f 1395 1521 1522 1396
f 1396 1522 1523 1397
f 1397 1523 1524 1398
f 1398 1524 1525 1399
f 1399 1525 1526 1400
f 1400 1526 1527 1401
f 1401 1527 1528 1402
f 1402 1528 1529 1403
f 1403 1529 1530 1404
f 1404 1530 1531 1405
f 1405 1531 1532 1406
f 1406 1532 1533 1407
f 1407 1533 1534 1408
f 1408 1534 1535 1409
f 1409 1535 1536 1410
f 1410 1536 1537 1411
f 1411 1537 1538 1412
f 1412 1538 1539 1413
f 1413 1539 1540 1414
f 1414 1540 1541 1415
f 1415 1541 1542 1416
f 1416 1542 1543 1417
f 1417 1543 1544 1418
f 1418 1544 1545 1419
f 1419 1545 1546 1420
f 1420 1546 1547 1421
f 1421 1547 1548 1422
f 1422 1548 1549 1423
f 1423 1549 1550 1424
f 1424 1550 1551 1425
f 1425 1551 1552 1426
f 1426 1552 1553 1427
f 1427 1553 1554 1428
f 1428 1554 1555 1429
f 1429 1555 1556 1430
f 1430 1556 1557 1431
f 1431 1557 1558 1432
f 1432 1558 1559 1433
f 1433 1559 1560 1434
f 1434 1560 1561 1435
f 1435 1561 1562 1436
f 1436 1562 1563 1437
f 1437 1563 1564 1438
f 1438 1564 1565 1439
f 1439 1565 1566 1440
f 1440 1566 1567 1441
f 1441 1567 1568 1442
f 1442 1568 1569 1443
f 1443 1569 1570 1444
f 1444 1570 1571 1445
f 1445 1571 1572 1446
f 1446 1572 1573 1447
f 1447 1573 1574 1448
f 1448 1574 1575 1449
f 1449 1575 1576 1450
f 1450 1576 1577 1451
f 1451 1577 1578 1452
f 1452 1578 1579 1453
f 1453 1579 1580 1454
f 1454 1580 1581 1455
f 1455 1581 1582 1456
f 1456 1582 1583 1457
f 1457 1583 1584 1458
f 1458 1584 1585 1459
f 1459 1585 1586 1460
f 1460 1586 1587 1461
f 1461 1587 1588 1462
f 1462 1588 1589 1463
f 1463 1589 1590 1464
f 1464 1590 1591 1465
f 1465 1591 1592 1466
f 1466 1592 1593 1467
f 1467 1593 1594 1468
f 1468 1594 1595 1469
f 1469 1595 1596 1470
f 1470 1596 1597 1471
f 1471 1597 1598 1472
f 1472 1598 1599 1473
f 1473 1599 1600 1474
f 1474 1600 1601 1475
f 1475 1601 1602 1476
f 1476 1602 1603 1477
f 1477 1603 1604 1478
f 1478 1604 1605 1479
f 1479 1605 1606 1480
f 1480 1606 1607 1481
f 1481 1607 1608 1482
f 1482 1608 1609 1483
f 1483 1609 1610 1484
f 1484 1610 1611 1485
f 1485 1611 1612 1486
f 1486 1612 1613 1487
f 1487 1613 1614 1488
f 1488 1614 1615 1489
f 1489 1615 1616 1490
f 1490 1616 1617 1491
f 1491 1617 1618 1492
f 1492 1618 1619 1493
f 1493 1619 1620 1494
f 1494 1620 1621 1495
f 1495 1621 1622 1496
f 1496 1622 1623 1497
f 1497 1623 1624 1498
f 1498 1624 1625 1499
f 1499 1625 1626 1500
f 1500 1626 1627 1501
f 1501 1627 1628 1502
f 1502 1628 1629 1503
f 1503 1629 1630 1504
f 1504 1630 1631 1505
f 1505 1631 1632 1506
f 1506 1632 1633 1507
f 1507 1633 1634 1508
f 1508 1634 1635 1509
f 1509 1635 1636 1510
f 1510 1636 1637 1511
f 1511 1637 1638 1512
f 1512 1638 1639 1513
f 1513 1639 1640 1514
f 1514 1640 128
f 1 1641 1515
f 1515 1641 1642 1516
f 1516 1642 1643 1517
f 1517 1643 1644 1518
f 1518 1644 1645 1519
f 1519 1645 1646 1520
f 1520 1646 1647 1521
f 1521 1647 1648 1522
f 1522 1648 1649 1523
f 1523 1649 1650 1524
f 1524 1650 1651 1525
f 1525 1651 1652 1526
f 1526 1652 1653 1527
f 1527 1653 1654 1528
f 1528 1654 1655 1529
f 1529 1655 1656 1530
f 1530 1656 1657 1531
f 1531 1657 1658 1532
f 1532 1658 1659 1533
f 1533 1659 1660 1534
f 1534 1660 1661 1535
f 1535 1661 1662 1536
f 1536 1662 1663 1537
f 1537 1663 1664 1538
f 1538 1664 1665 1539
f 1539 1665 1666 1540
f 1540 1666 1667 1541
f 1541 1667 1668 1542
f 1542 1668 1669 1543
f 1543 1669 1670 1544
f 1544 1670 1671 1545
f 1545 1671 1672 1546
f 1546 1672 1673 1547
f 1547 1673 1674 1548
f 1548 1674 1675 1549
f 1549 1675 1676 1550
f 1550 1676 1677 1551
f 1551 1677 1678 1552
f 1552 1678 1679 1553
f 1553 1679 1680 1554
f 1554 1680 1681 1555
f 1555 1681 1682 1556
f 1556 1682 1683 1557
f 1557 1683 1684 1558
f 1558 1684 1685 1559
f 1559 1685 1686 1560
f 1560 1686 1687 1561
f 1561 1687 1688 1562
f 1562 1688 1689 1563
f 1563 1689 1690 1564
f 1564 1690 1691 1565
f 1565 1691 1692 1566
f 1566 1692 1693 1567
f 1567 1693 1694 1568
f 1568 1694 1695 1569
f 1569 1695 1696 1570
f 1570 1696 1697 1571
f 1571 1697 1698 1572
f 1572 1698 1699 1573
f 1573 1699 1700 1574
f 1574 1700 1701 1575
f 1575 1701 1702 1576
f 1576 1702 1703 1577
f 1577 1703 1704 1578
f 1578 1704 1705 1579
f 1579 1705 1706 1580
f 1580 1706 1707 1581
f 1581 1707 1708 1582
f 1582 1708 1709 1583
f 1583 1709 1710 1584
f 1584 1710 1711 1585
f 1585 1711 1712 1586
f 1586 1712 1713 1587
f 1587 1713 1714 1588
f 1588 1714 1715 1589
f 1589 1715 1716 1590
f 1590 1716 1717 1591
f 1591 1717 1718 1592
f 1592 1718 1719 1593
f 1593 1719 1720 1594
f 1594 1720 1721 1595
f 1595 1721 1722 1596
f 1596 1722 1723 1597
f 1597 1723 1724 1598
f 1598 1724 1725 1599
f 1599 1725 1726 1600
f 1600 1726 1727 1601
f 1601 1727 1728 1602
f 1602 1728 1729 1603
f 1603 1729 1730 1604
f 1604 1730 1731 1605
f 1605 1731 1732 1606
f 1606 1732 1733 1607
f 1607 1733 1734 1608
f 1608 1734 1735 1609
f 1609 1735 1736 1610
f 1610 1736 1737 1611
f 1611 1737 1738 1612
f 1612 1738 1739 1613
f 1613 1739 1740 1614
f 1614 1740 1741 1615
f 1615 1741 1742 1616
f 1616 1742 1743 1617
f 1617 1743 1744 1618
f 1618 1744 1745 1619
f 1619 1745 1746 1620
f 1620 1746 1747 1621
f 1621 1747 1748 1622
f 1622 1748 1749 1623
f 1623 1749 1750 1624
f 1624 1750 1751 1625
f 1625 1751 1752 1626
f 1626 1752 1753 1627
f 1627 1753 1754 1628
f 1628 1754 1755 1629
f 1629 1755 1756 1630
f 1630 1756 1757 1631
f 1631 1757 1758 1632
f 1632 1758 1759 1633
f 1633 1759 1760 1634
f 1634 1760 1761 1635
f 1635 1761 1762 1636
f 1636 1762 1763 1637
f 1637 1763 1764 1638
f 1638 1764 1765 1639
f 1639 1765 1766 1640
f 1640 1766 128
f 1 1767 1641
f 1641 1767 1768 1642
f 1642 1768 1769 1643
f 1643 1769 1770 1644
f 1644 1770 1771 1645
f 1645 1771 1772 1646
f 1646 1772 1773 1647
f 1647 1773 1774 1648
f 1648 1774 1775 1649
f 1649 1775 1776 1650
f 1650 1776 1777 1651
f 1651 1777 1778 1652
f 1652 1778 1779 1653
f 1653 1779 1780 1654
f 1654 1780 1781 1655
f 1655 1781 1782 1656
f 1656 1782 1783 1657
f 1657 1783 1784 1658
f 1658 1784 1785 1659
f 1659 1785 1786 1660
f 1660 1786 1787 1661
f 1661 1787 1788 1662
f 1662 1788 1789 1663
f 1663 1789 1790 1664
f 1664 1790 1791 1665
f 1665 1791 1792 1666
f 1666 1792 1793 1667
f 1667 1793 1794 1668
f 1668 1794 1795 1669
f 1669 1795 1796 1670
f 1670 1796 1797 1671
f 1671 1797 1798 1672
f 1672 1798 1799 1673
f 1673 1799 1800 1674
f 1674 1800 1801 1675
f 1675 1801 1802 1676
f 1676 1802 1803 1677
f 1677 1803 1804 1678
f 1678 1804 1805 1679
f 1679 1805 1806 1680
f 1680 1806 1807 1681
f 1681 1807 1808 1682
f 1682 1808 1809 1683
f 1683 1809 1810 1684
f 1684 1810 1811 1685
f 1685 1811 1812 1686
f 1686 1812 1813 1687
f 1687 1813 1814 1688
f 1688 1814 1815 1689
f 1689 1815 1816 1690
f 1690 1816 1817 1691
f 1691 1817 1818 1692
f 1692 1818 1819 1693
f 1693 1819 1820 1694
f 1694 1820 1821 1695
f 1695 1821 1822 1696
f 1696 1822 1823 1697
f 1697 1823 1824 1698
f 1698 1824 1825 1699
f 1699 1825 1826 1700
f 1700 1826 1827 1701
f 1701 1827 1828 1702
f 1702 1828 1829 1703
f 1703 1829 1830 1704
f 1704 1830 1831 1705
f 1705 1831 1832 1706
f 1706 1832 1833 1707
f 1707 1833 1834 1708
f 1708 1834 1835 1709
f 1709 1835 1836 1710
f 1710 1836 1837 1711
f 1711 1837 1838 1712
f 1712 1838 1839 1713
f 1713 1839 1840 1714
f 1714 1840 1841 1715
f 1715 1841 1842 1716
f 1716 1842 1843 1717
f 1717 1843 1844 1718
f 1718 1844 1845 1719
f 1719 1845 1846 1720
f 1720 1846 1847 1721
f 1721 1847 1848 1722
f 1722 1848 1849 1723
f 1723 1849 1850 1724
f 1724 1850 1851 1725
f 1725 1851 1852 1726
f 1726 1852 1853 1727
f 1727 1853 1854 1728
f 1728 1854 1855 1729
f 1729 1855 1856 1730
f 1730 1856 1857 1731
f 1731 1857 1858 1732
f 1732 1858 1859 1733
f 1733 1859 1860 1734
f 1734 1860 1861 1735
f 1735 1861 1862 1736
f 1736 1862 1863 1737
f 1737 1863 1864 1738
f 1738 1864 1865 1739
f 1739 1865 1866 1740
f 1740 1866 1867 1741
f 1741 1867 1868 1742
f 1742 1868 1869 1743
f 1743 1869 1870 1744
f 1744 1870 1871 1745
f 1745 1871 1872 1746
f 1746 1872 1873 1747
f 1747 1873 1874 1748
f 1748 1874 1875 1749
f 1749 1875 1876 1750
f 1750 1876 1877 1751
f 1751 1877 1878 1752
f 1752 1878 1879 1753
f 1753 1879 1880 1754
f 1754 1880 1881 1755
f 1755 1881 1882 1756
f 1756 1882 1883 1757
f 1757 1883 1884 1758
f 1758 1884 1885 1759
f 1759 1885 1886 1760
f 1760 1886 1887 1761
f 1761 1887 1888 1762
f 1762 1888 1889 1763
f 1763 1889 1890 1764
f 1764 1890 1891 1765
f 1765 1891 1892 1766
f 1766 1892 128
f 1 1893 1767
f 1767 1893 1894 1768
f 1768 1894 1895 1769
f 1769 1895 1896 1770
f 1770 1896 1897 1771
f 1771 1897 1898 1772
f 1772 1898 1899 1773
f 1773 1899 1900 1774
f 1774 1900 1901 1775
f 1775 1901 1902 1776
f 1776 1902 1903 1777
f 1777 1903 1904 1778
f 1778 1904 1905 1779
f 1779 1905 1906 1780
f 1780 1906 1907 1781
f 1781 1907 1908 1782
f 1782 1908 1909 1783
f 1783 1909 1910 1784
f 1784 1910 1911 1785
f 1785 1911 1912 1786
f 1786 1912 1913 1787
f 1787 1913 1914 1788
f 1788 1914 1915 1789
f 1789 1915 1916 1790
f 1790 1916 1917 1791
f 1791 1917 1918 1792
f 1792 1918 1919 1793
f 1793 1919 1920 1794
f 1794 1920 1921 1795
f 1795 1921 1922 1796
f 1796 1922 1923 1797
f 1797 1923 1924 1798
f 1798 1924 1925 1799
f 1799 1925 1926 1800
f 1800 1926 1927 1801
f 1801 1927 1928 1802
f 1802 1928 1929 1803
f 1803 1929 1930 1804
f 1804 1930 1931 1805
f 1805 1931 1932 1806
f 1806 1932 1933 1807
f 1807 1933 1934 1808
f 1808 1934 1935 1809
f 1809 1935 1936 1810
f 1810 1936 1937 1811
f 1811 1937 1938 1812
f 1812 1938 1939 1813
f 1813 1939 1940 1814
f 1814 1940 1941 1815
f 1815 1941 1942 1816
f 1816 1942 1943 1817
f 1817 1943 1944 1818
f 1818 1944 1945 1819
f 1819 1945 1946 1820
f 1820 1946 1947 1821
f 1821 1947 1948 1822
f 1822 1948 1949 1823
f 1823 1949 1950 1824
f 1824 1950 1951 1825
f 1825 1951 1952 1826
f 1826 1952 1953 1827
f 1827 1953 1954 1828
f 1828 1954 1955 1829
f 1829 1955 1956 1830
f 1830 1956 1957 1831
f 1831 1957 1958 1832
f 1832 1958 1959 1833
f 1833 1959 1960 1834
f 1834 1960 1961 1835
f 1835 1961 1962 1836
f 1836 1962 1963 1837
f 1837 1963 1964 1838
f 1838 1964 1965 1839
f 1839 1965 1966 1840
f 1840 1966 1967 1841
f 1841 1967 1968 1842
f 1842 1968 1969 1843
f 1843 1969 1970 1844
f 1844 1970 1971 1845
f 1845 1971 1972 1846
f 1846 1972 1973 1847
f 1847 1973 1974 1848
f 1848 1974 1975 1849
f 1849 1975 1976 1850
f 1850 1976 1977 1851
f 1851 1977 1978 1852
f 1852 1978 1979 1853
f 1853 1979 1980 1854
f 1854 1980 1981 1855
f 1855 1981 1982 1856
f 1856 1982 1983 1857
f 1857 1983 1984 1858
f 1858 1984 1985 1859
f 1859 1985 1986 1860
f 1860 1986 1987 1861
f 1861 1987 1988 1862
f 1862 1988 1989 1863
f 1863 1989 1990 1864
f 1864 1990 1991 1865
f 1865 1991 1992 1866
f 1866 1992 1993 1867
f 1867 1993 1994 1868
f 1868 1994 1995 1869
f 1869 1995 1996 1870
f 1870 1996 1997 1871
f 1871 1997 1998 1872
f 1872 1998 1999 1873
f 1873 1999 2000 1874
f 1874 2000 2001 1875
f 1875 2001 2002 1876
f 1876 2002 2003 1877
f 1877 2003 2004 1878
f 1878 2004 2005 1879
f 1879 2005 2006 1880
f 1880 2006 2007 1881
f 1881 2007 2008 1882
f 1882 2008 2009 1883
f 1883 2009 2010 1884
f 1884 2010 2011 1885
f 1885 2011 2012 1886
f 1886 2012 2013 1887
f 1887 2013 2014 1888
f 1888 2014 2015 1889
f 1889 2015 2016 1890
f 1890 2016 2017 1891
f 1891 2017 2018 1892
f 1892 2018 128
f 1 2 1893
f 1893 2 3 1894
f 1894 3 4 1895
f 1895 4 5 1896
f 1896 5 6 1897
f 1897 6 7 1898
f 1898 7 8 1899
f 1899 8 9 1900
f 1900 9 10 1901
f 1901 10 11 1902
f 1902 11 12 1903
f 1903 12 13 1904
f 1904 13 14 1905
f 1905 14 15 1906
f 1906 15 16 1907
f 1907 16 17 1908
f 1908 17 18 1909
f 1909 18 19 1910
f 1910 19 20 1911
f 1911 20 21 1912
f 1912 21 22 1913
f 1913 22 23 1914
f 1914 23 24 1915
f 1915 24 25 1916
f 1916 25 26 1917
f 1917 26 27 1918
f 1918 27 28 1919
f 1919 28 29 1920
f 1920 29 30 1921
f 1921 30 31 1922
f 1922 31 32 1923
f 1923 32 33 1924
f 1924 33 34 1925
f 1925 34 35 1926
f 1926 35 36 1927
f 1927 36 37 1928
f 1928 37 38 1929
f 1929 38 39 1930
f 1930 39 40 1931
f 1931 40 41 1932
f 1932 41 42 1933
f 1933 42 43 1934
f 1934 43 44 1935
f 1935 44 45 1936
f 1936 45 46 1937
f 1937 46 47 1938
f 1938 47 48 1939
f 1939 48 49 1940
f 1940 49 50 1941
f 1941 50 51 1942
f 1942 51 52 1943
f 1943 52 53 1944
f 1944 53 54 1945
f 1945 54 55 1946
f 1946 55 56 1947
f 1947 56 57 1948
f 1948 57 58 1949
f 1949 58 59 1950
f 1950 59 60 1951
f 1951 60 61 1952
f 1952 61 62 1953
f 1953 62 63 1954
f 1954 63 64 1955
f 1955 64 65 1956
f 1956 65 66 1957
f 1957 66 67 1958
f 1958 67 68 1959
f 1959 68 69 1960
f 1960 69 70 1961
f 1961 70 71 1962
f 1962 71 72 1963
f 1963 72 73 1964
f 1964 73 74 1965
f 1965 74 75 1966
f 1966 75 76 1967
f 1967 76 77 1968
f 1968 77 78 1969
f 1969 78 79 1970
f 1970 79 80 1971
f 1971 80 81 1972
f 1972 81 82 1973
f 1973 82 83 1974
f 1974 83 84 1975
f 1975 84 85 1976
f 1976 85 86 1977
f 1977 86 87 1978
f 1978 87 88 1979
f 1979 88 89 1980
f 1980 89 90 1981
f 1981 90 91 1982
f 1982 91 92 1983
f 1983 92 93 1984
f 1984 93 94 1985
f 1985 94 95 1986
f 1986 95 96 1987
f 1987 96 97 1988
f 1988 97 98 1989
f 1989 98 99 1990
f 1990 99 100 1991
f 1991 100 101 1992
f 1992 101 102 1993
f 1993 102 103 1994
f 1994 103 104 1995
f 1995 104 105 1996
f 1996 105 106 1997
f 1997 106 107 1998
f 1998 107 108 1999
f 1999 108 109 2000
f 2000 109 110 2001
f 2001 110 111 2002
f 2002 111 112 2003
f 2003 112 113 2004
f 2004 113 114 2005
f 2005 114 115 2006
f 2006 115 116 2007
f 2007 116 117 2008
f 2008 117 118 2009
f 2009 118 119 2010
f 2010 119 120 2011
f 2011 120 121 2012
f 2012 121 122 2013
f 2013 122 123 2014
f 2014 123 124 2015
f 2015 124 125 2016
f 2016 125 126 2017
f 2017 126 127 2018
f 2018 127 128

